--------------------------------------------------------
--  파일이 생성됨 - 수요일-12월-20-2023   
--------------------------------------------------------
--------------------------------------------------------
--  DDL for Sequence SEQ_CNO
--------------------------------------------------------

   CREATE SEQUENCE  "FTD"."SEQ_CNO"  MINVALUE 1 MAXVALUE 9999999999999999999999999999 INCREMENT BY 1 START WITH 21 CACHE 20 NOORDER  NOCYCLE ;
--------------------------------------------------------
--  DDL for Sequence SEQ_GFNO
--------------------------------------------------------

   CREATE SEQUENCE  "FTD"."SEQ_GFNO"  MINVALUE 1 MAXVALUE 9999999999999999999999999999 INCREMENT BY 1 START WITH 21 CACHE 20 NOORDER  NOCYCLE ;
--------------------------------------------------------
--  DDL for Sequence SEQ_GNO
--------------------------------------------------------

   CREATE SEQUENCE  "FTD"."SEQ_GNO"  MINVALUE 1 MAXVALUE 9999999999999999999999999999 INCREMENT BY 1 START WITH 21 CACHE 20 NOORDER  NOCYCLE ;
--------------------------------------------------------
--  DDL for Sequence SEQ_GSNO
--------------------------------------------------------

   CREATE SEQUENCE  "FTD"."SEQ_GSNO"  MINVALUE 1 MAXVALUE 9999999999999999999999999999 INCREMENT BY 1 START WITH 21 CACHE 20 NOORDER  NOCYCLE ;
--------------------------------------------------------
--  DDL for Sequence SEQ_IFNO
--------------------------------------------------------

   CREATE SEQUENCE  "FTD"."SEQ_IFNO"  MINVALUE 1 MAXVALUE 9999999999999999999999999999 INCREMENT BY 1 START WITH 21 CACHE 20 NOORDER  NOCYCLE ;
--------------------------------------------------------
--  DDL for Sequence SEQ_INO
--------------------------------------------------------

   CREATE SEQUENCE  "FTD"."SEQ_INO"  MINVALUE 1 MAXVALUE 9999999999999999999999999999 INCREMENT BY 1 START WITH 21 CACHE 20 NOORDER  NOCYCLE ;
--------------------------------------------------------
--  DDL for Sequence SEQ_IRNO
--------------------------------------------------------

   CREATE SEQUENCE  "FTD"."SEQ_IRNO"  MINVALUE 1 MAXVALUE 9999999999999999999999999999 INCREMENT BY 1 START WITH 1 CACHE 20 NOORDER  NOCYCLE ;
--------------------------------------------------------
--  DDL for Sequence SEQ_MNO
--------------------------------------------------------

   CREATE SEQUENCE  "FTD"."SEQ_MNO"  MINVALUE 1 MAXVALUE 9999999999999999999999999999 INCREMENT BY 1 START WITH 101 CACHE 20 NOORDER  NOCYCLE ;
--------------------------------------------------------
--  DDL for Sequence SEQ_NFNO
--------------------------------------------------------

   CREATE SEQUENCE  "FTD"."SEQ_NFNO"  MINVALUE 1 MAXVALUE 9999999999999999999999999999 INCREMENT BY 1 START WITH 1 CACHE 20 NOORDER  NOCYCLE ;
--------------------------------------------------------
--  DDL for Sequence SEQ_NNO
--------------------------------------------------------

   CREATE SEQUENCE  "FTD"."SEQ_NNO"  MINVALUE 1 MAXVALUE 9999999999999999999999999999 INCREMENT BY 1 START WITH 1 CACHE 20 NOORDER  NOCYCLE ;
--------------------------------------------------------
--  DDL for Sequence SEQ_OGNO
--------------------------------------------------------

   CREATE SEQUENCE  "FTD"."SEQ_OGNO"  MINVALUE 1 MAXVALUE 9999999999999999999999999999 INCREMENT BY 1 START WITH 21 CACHE 20 NOORDER  NOCYCLE ;
--------------------------------------------------------
--  DDL for Sequence SEQ_ONO
--------------------------------------------------------

   CREATE SEQUENCE  "FTD"."SEQ_ONO"  MINVALUE 1 MAXVALUE 9999999999999999999999999999 INCREMENT BY 1 START WITH 21 CACHE 20 NOORDER  NOCYCLE ;
--------------------------------------------------------
--  DDL for Sequence SEQ_PFNO
--------------------------------------------------------

   CREATE SEQUENCE  "FTD"."SEQ_PFNO"  MINVALUE 1 MAXVALUE 9999999999999999999999999999 INCREMENT BY 1 START WITH 1 CACHE 20 NOORDER  NOCYCLE ;
--------------------------------------------------------
--  DDL for Sequence SEQ_PNO
--------------------------------------------------------

   CREATE SEQUENCE  "FTD"."SEQ_PNO"  MINVALUE 1 MAXVALUE 9999999999999999999999999999 INCREMENT BY 1 START WITH 21 CACHE 20 NOORDER  NOCYCLE ;
--------------------------------------------------------
--  DDL for Sequence SEQ_PRNO
--------------------------------------------------------

   CREATE SEQUENCE  "FTD"."SEQ_PRNO"  MINVALUE 1 MAXVALUE 9999999999999999999999999999 INCREMENT BY 1 START WITH 1 CACHE 20 NOORDER  NOCYCLE ;
--------------------------------------------------------
--  DDL for Sequence SEQ_RFNO
--------------------------------------------------------

   CREATE SEQUENCE  "FTD"."SEQ_RFNO"  MINVALUE 1 MAXVALUE 9999999999999999999999999999 INCREMENT BY 1 START WITH 1 CACHE 20 NOORDER  NOCYCLE ;
--------------------------------------------------------
--  DDL for Sequence SEQ_RNO
--------------------------------------------------------

   CREATE SEQUENCE  "FTD"."SEQ_RNO"  MINVALUE 1 MAXVALUE 9999999999999999999999999999 INCREMENT BY 1 START WITH 21 CACHE 20 NOORDER  NOCYCLE ;
--------------------------------------------------------
--  DDL for Sequence SEQ_RRNO
--------------------------------------------------------

   CREATE SEQUENCE  "FTD"."SEQ_RRNO"  MINVALUE 1 MAXVALUE 9999999999999999999999999999 INCREMENT BY 1 START WITH 21 CACHE 20 NOORDER  NOCYCLE ;
--------------------------------------------------------
--  DDL for Sequence SEQ_SFNO
--------------------------------------------------------

   CREATE SEQUENCE  "FTD"."SEQ_SFNO"  MINVALUE 1 MAXVALUE 9999999999999999999999999999 INCREMENT BY 1 START WITH 21 CACHE 20 NOORDER  NOCYCLE ;
--------------------------------------------------------
--  DDL for Sequence SEQ_SNO
--------------------------------------------------------

   CREATE SEQUENCE  "FTD"."SEQ_SNO"  MINVALUE 1 MAXVALUE 9999999999999999999999999999 INCREMENT BY 1 START WITH 101 CACHE 20 NOORDER  NOCYCLE ;
--------------------------------------------------------
--  DDL for Sequence SEQ_SRNO
--------------------------------------------------------

   CREATE SEQUENCE  "FTD"."SEQ_SRNO"  MINVALUE 1 MAXVALUE 9999999999999999999999999999 INCREMENT BY 1 START WITH 1 CACHE 20 NOORDER  NOCYCLE ;
--------------------------------------------------------
--  DDL for Table CART
--------------------------------------------------------

  CREATE TABLE "FTD"."CART" 
   (	"CART_NO" NUMBER, 
	"MEMBER_NO" NUMBER, 
	"GOOD_NO" NUMBER, 
	"COUNT" NUMBER, 
	"STATUS" CHAR(1 BYTE) DEFAULT 'N'
   ) SEGMENT CREATION IMMEDIATE 
  PCTFREE 10 PCTUSED 40 INITRANS 1 MAXTRANS 255 NOCOMPRESS LOGGING
  STORAGE(INITIAL 65536 NEXT 1048576 MINEXTENTS 1 MAXEXTENTS 2147483645
  PCTINCREASE 0 FREELISTS 1 FREELIST GROUPS 1 BUFFER_POOL DEFAULT FLASH_CACHE DEFAULT CELL_FLASH_CACHE DEFAULT)
  TABLESPACE "SYSTEM" ;

   COMMENT ON COLUMN "FTD"."CART"."CART_NO" IS '장바구니 번호';
   COMMENT ON COLUMN "FTD"."CART"."MEMBER_NO" IS '회원 번호';
   COMMENT ON COLUMN "FTD"."CART"."GOOD_NO" IS '상품 번호';
   COMMENT ON COLUMN "FTD"."CART"."COUNT" IS '수량';
   COMMENT ON COLUMN "FTD"."CART"."STATUS" IS '구매여부';
--------------------------------------------------------
--  DDL for Table GOODS
--------------------------------------------------------

  CREATE TABLE "FTD"."GOODS" 
   (	"GOOD_NO" NUMBER, 
	"SELLER_NO" NUMBER, 
	"GOOD_TITLE" VARCHAR2(100 BYTE), 
	"GOOD_DETAIL" VARCHAR2(3000 BYTE), 
	"ORIGIN" VARCHAR2(100 BYTE), 
	"PRICE" NUMBER, 
	"CREATE_DATE" DATE DEFAULT SYSDATE, 
	"DELETE_DATE" DATE, 
	"EXPIRATION_DATE" DATE, 
	"STOCK" NUMBER DEFAULT 0
   ) SEGMENT CREATION IMMEDIATE 
  PCTFREE 10 PCTUSED 40 INITRANS 1 MAXTRANS 255 NOCOMPRESS LOGGING
  STORAGE(INITIAL 65536 NEXT 1048576 MINEXTENTS 1 MAXEXTENTS 2147483645
  PCTINCREASE 0 FREELISTS 1 FREELIST GROUPS 1 BUFFER_POOL DEFAULT FLASH_CACHE DEFAULT CELL_FLASH_CACHE DEFAULT)
  TABLESPACE "SYSTEM" ;

   COMMENT ON COLUMN "FTD"."GOODS"."GOOD_NO" IS '상품 번호';
   COMMENT ON COLUMN "FTD"."GOODS"."SELLER_NO" IS '판매자 번호';
   COMMENT ON COLUMN "FTD"."GOODS"."GOOD_TITLE" IS '품목';
   COMMENT ON COLUMN "FTD"."GOODS"."GOOD_DETAIL" IS '상품 상세 정보';
   COMMENT ON COLUMN "FTD"."GOODS"."ORIGIN" IS '원산지';
   COMMENT ON COLUMN "FTD"."GOODS"."PRICE" IS '판매가';
   COMMENT ON COLUMN "FTD"."GOODS"."CREATE_DATE" IS '등록일';
   COMMENT ON COLUMN "FTD"."GOODS"."DELETE_DATE" IS '삭제일';
   COMMENT ON COLUMN "FTD"."GOODS"."EXPIRATION_DATE" IS '유통기한';
   COMMENT ON COLUMN "FTD"."GOODS"."STOCK" IS '재고(0 일시 구매X)';
--------------------------------------------------------
--  DDL for Table GOODS_FILE
--------------------------------------------------------

  CREATE TABLE "FTD"."GOODS_FILE" 
   (	"FILE_NO" NUMBER, 
	"SELL_NO" NUMBER, 
	"ORIGINAL_NAME" VARCHAR2(300 BYTE), 
	"CHANGE_NAME" VARCHAR2(300 BYTE), 
	"CREATE_DATE" DATE, 
	"DELETE_DATE" DATE
   ) SEGMENT CREATION IMMEDIATE 
  PCTFREE 10 PCTUSED 40 INITRANS 1 MAXTRANS 255 NOCOMPRESS LOGGING
  STORAGE(INITIAL 65536 NEXT 1048576 MINEXTENTS 1 MAXEXTENTS 2147483645
  PCTINCREASE 0 FREELISTS 1 FREELIST GROUPS 1 BUFFER_POOL DEFAULT FLASH_CACHE DEFAULT CELL_FLASH_CACHE DEFAULT)
  TABLESPACE "SYSTEM" ;

   COMMENT ON COLUMN "FTD"."GOODS_FILE"."FILE_NO" IS '파일 번호';
   COMMENT ON COLUMN "FTD"."GOODS_FILE"."SELL_NO" IS '상품 판매 번호';
   COMMENT ON COLUMN "FTD"."GOODS_FILE"."ORIGINAL_NAME" IS '원본명';
   COMMENT ON COLUMN "FTD"."GOODS_FILE"."CHANGE_NAME" IS '수정명';
   COMMENT ON COLUMN "FTD"."GOODS_FILE"."CREATE_DATE" IS '등록일';
   COMMENT ON COLUMN "FTD"."GOODS_FILE"."DELETE_DATE" IS '삭제일';
--------------------------------------------------------
--  DDL for Table GOODS_SELL
--------------------------------------------------------

  CREATE TABLE "FTD"."GOODS_SELL" 
   (	"SELL_NO" NUMBER, 
	"SELLER_NO" NUMBER, 
	"GOOD_NO" NUMBER, 
	"SELL_TITLE" VARCHAR2(100 BYTE), 
	"SELL_CONTENT" VARCHAR2(3000 BYTE), 
	"COUNT" NUMBER DEFAULT 0, 
	"CREATE_DATE" DATE DEFAULT SYSDATE, 
	"DELETE_DATE" DATE
   ) SEGMENT CREATION IMMEDIATE 
  PCTFREE 10 PCTUSED 40 INITRANS 1 MAXTRANS 255 NOCOMPRESS LOGGING
  STORAGE(INITIAL 65536 NEXT 1048576 MINEXTENTS 1 MAXEXTENTS 2147483645
  PCTINCREASE 0 FREELISTS 1 FREELIST GROUPS 1 BUFFER_POOL DEFAULT FLASH_CACHE DEFAULT CELL_FLASH_CACHE DEFAULT)
  TABLESPACE "SYSTEM" ;

   COMMENT ON COLUMN "FTD"."GOODS_SELL"."SELL_NO" IS '상품 판매 번호';
   COMMENT ON COLUMN "FTD"."GOODS_SELL"."SELLER_NO" IS '판매자 번호';
   COMMENT ON COLUMN "FTD"."GOODS_SELL"."GOOD_NO" IS '상품 번호';
   COMMENT ON COLUMN "FTD"."GOODS_SELL"."SELL_TITLE" IS '제목';
   COMMENT ON COLUMN "FTD"."GOODS_SELL"."SELL_CONTENT" IS '내용';
   COMMENT ON COLUMN "FTD"."GOODS_SELL"."COUNT" IS '조회수';
   COMMENT ON COLUMN "FTD"."GOODS_SELL"."CREATE_DATE" IS '등록일';
   COMMENT ON COLUMN "FTD"."GOODS_SELL"."DELETE_DATE" IS '삭제일';
--------------------------------------------------------
--  DDL for Table INQUIRY
--------------------------------------------------------

  CREATE TABLE "FTD"."INQUIRY" 
   (	"INQ_NO" NUMBER, 
	"SELLER_NO" NUMBER, 
	"MEMBER_NO" NUMBER, 
	"INQ_TITLE" VARCHAR2(400 BYTE), 
	"INQ_CONTENT" VARCHAR2(3000 BYTE), 
	"COUNT" NUMBER DEFAULT 0, 
	"CREATE_DATE" DATE DEFAULT SYSDATE, 
	"DELETE_DATE" DATE, 
	"RESPONSE_CONTENT" VARCHAR2(4000 BYTE), 
	"RESPONSE_DATE" DATE
   ) SEGMENT CREATION IMMEDIATE 
  PCTFREE 10 PCTUSED 40 INITRANS 1 MAXTRANS 255 NOCOMPRESS LOGGING
  STORAGE(INITIAL 65536 NEXT 1048576 MINEXTENTS 1 MAXEXTENTS 2147483645
  PCTINCREASE 0 FREELISTS 1 FREELIST GROUPS 1 BUFFER_POOL DEFAULT FLASH_CACHE DEFAULT CELL_FLASH_CACHE DEFAULT)
  TABLESPACE "SYSTEM" ;

   COMMENT ON COLUMN "FTD"."INQUIRY"."INQ_NO" IS '문의 번호';
   COMMENT ON COLUMN "FTD"."INQUIRY"."SELLER_NO" IS '판매자 번호';
   COMMENT ON COLUMN "FTD"."INQUIRY"."MEMBER_NO" IS '회원 번호';
   COMMENT ON COLUMN "FTD"."INQUIRY"."INQ_TITLE" IS '제목';
   COMMENT ON COLUMN "FTD"."INQUIRY"."INQ_CONTENT" IS '내용';
   COMMENT ON COLUMN "FTD"."INQUIRY"."COUNT" IS '조회수';
   COMMENT ON COLUMN "FTD"."INQUIRY"."CREATE_DATE" IS '등록일';
   COMMENT ON COLUMN "FTD"."INQUIRY"."DELETE_DATE" IS '삭제일';
   COMMENT ON COLUMN "FTD"."INQUIRY"."RESPONSE_CONTENT" IS '답변';
   COMMENT ON COLUMN "FTD"."INQUIRY"."RESPONSE_DATE" IS '답변일';
--------------------------------------------------------
--  DDL for Table INQUIRY_FILE
--------------------------------------------------------

  CREATE TABLE "FTD"."INQUIRY_FILE" 
   (	"FILE_NO" NUMBER, 
	"INQ_NO" NUMBER, 
	"ORIGIN_NAME" VARCHAR2(400 BYTE), 
	"CHANGE_NAME" VARCHAR2(400 BYTE), 
	"CREATE_DATE" DATE DEFAULT SYSDATE, 
	"DELETE_DATE" DATE
   ) SEGMENT CREATION IMMEDIATE 
  PCTFREE 10 PCTUSED 40 INITRANS 1 MAXTRANS 255 NOCOMPRESS LOGGING
  STORAGE(INITIAL 65536 NEXT 1048576 MINEXTENTS 1 MAXEXTENTS 2147483645
  PCTINCREASE 0 FREELISTS 1 FREELIST GROUPS 1 BUFFER_POOL DEFAULT FLASH_CACHE DEFAULT CELL_FLASH_CACHE DEFAULT)
  TABLESPACE "SYSTEM" ;

   COMMENT ON COLUMN "FTD"."INQUIRY_FILE"."FILE_NO" IS '파일 번호';
   COMMENT ON COLUMN "FTD"."INQUIRY_FILE"."INQ_NO" IS '문의 번호';
   COMMENT ON COLUMN "FTD"."INQUIRY_FILE"."ORIGIN_NAME" IS '원본명';
   COMMENT ON COLUMN "FTD"."INQUIRY_FILE"."CHANGE_NAME" IS '수정명';
   COMMENT ON COLUMN "FTD"."INQUIRY_FILE"."CREATE_DATE" IS '등록일';
   COMMENT ON COLUMN "FTD"."INQUIRY_FILE"."DELETE_DATE" IS '삭제일';
--------------------------------------------------------
--  DDL for Table INQUIRY_REPLY
--------------------------------------------------------

  CREATE TABLE "FTD"."INQUIRY_REPLY" 
   (	"REPLY_NO" NUMBER, 
	"INQ_NO" NUMBER, 
	"MEMBER_NO" NUMBER, 
	"REPLY_CONTENT" VARCHAR2(3000 BYTE), 
	"CREATE_DATE" DATE DEFAULT SYSDATE, 
	"DELETE_DATE" DATE
   ) SEGMENT CREATION IMMEDIATE 
  PCTFREE 10 PCTUSED 40 INITRANS 1 MAXTRANS 255 NOCOMPRESS LOGGING
  STORAGE(INITIAL 65536 NEXT 1048576 MINEXTENTS 1 MAXEXTENTS 2147483645
  PCTINCREASE 0 FREELISTS 1 FREELIST GROUPS 1 BUFFER_POOL DEFAULT FLASH_CACHE DEFAULT CELL_FLASH_CACHE DEFAULT)
  TABLESPACE "SYSTEM" ;

   COMMENT ON COLUMN "FTD"."INQUIRY_REPLY"."REPLY_NO" IS '댓글 번호';
   COMMENT ON COLUMN "FTD"."INQUIRY_REPLY"."INQ_NO" IS '문의 번호';
   COMMENT ON COLUMN "FTD"."INQUIRY_REPLY"."MEMBER_NO" IS '회원 번호';
   COMMENT ON COLUMN "FTD"."INQUIRY_REPLY"."REPLY_CONTENT" IS '내용';
   COMMENT ON COLUMN "FTD"."INQUIRY_REPLY"."CREATE_DATE" IS '등록일';
   COMMENT ON COLUMN "FTD"."INQUIRY_REPLY"."DELETE_DATE" IS '삭제일';
--------------------------------------------------------
--  DDL for Table LIKE
--------------------------------------------------------

  CREATE TABLE "FTD"."LIKE" 
   (	"MEMBER_NO" NUMBER, 
	"GOOD_NO" NUMBER
   ) SEGMENT CREATION IMMEDIATE 
  PCTFREE 10 PCTUSED 40 INITRANS 1 MAXTRANS 255 NOCOMPRESS LOGGING
  STORAGE(INITIAL 65536 NEXT 1048576 MINEXTENTS 1 MAXEXTENTS 2147483645
  PCTINCREASE 0 FREELISTS 1 FREELIST GROUPS 1 BUFFER_POOL DEFAULT FLASH_CACHE DEFAULT CELL_FLASH_CACHE DEFAULT)
  TABLESPACE "SYSTEM" ;

   COMMENT ON COLUMN "FTD"."LIKE"."MEMBER_NO" IS '회원 번호';
   COMMENT ON COLUMN "FTD"."LIKE"."GOOD_NO" IS '상품 번호';
--------------------------------------------------------
--  DDL for Table MEMBER
--------------------------------------------------------

  CREATE TABLE "FTD"."MEMBER" 
   (	"MEMBER_NO" NUMBER, 
	"MEMBER_ID" VARCHAR2(25 BYTE), 
	"MEMBER_PWD" VARCHAR2(100 BYTE), 
	"MEMBER_NAME" VARCHAR2(15 BYTE), 
	"EMAIL" VARCHAR2(40 BYTE), 
	"PHONE" VARCHAR2(13 BYTE), 
	"ZIP_CODE" VARCHAR2(5 BYTE), 
	"ADDRESS" VARCHAR2(100 BYTE), 
	"DETAIL_ADDRESS" VARCHAR2(100 BYTE), 
	"GENDER" CHAR(1 BYTE), 
	"STATUS" DATE
   ) SEGMENT CREATION IMMEDIATE 
  PCTFREE 10 PCTUSED 40 INITRANS 1 MAXTRANS 255 NOCOMPRESS LOGGING
  STORAGE(INITIAL 65536 NEXT 1048576 MINEXTENTS 1 MAXEXTENTS 2147483645
  PCTINCREASE 0 FREELISTS 1 FREELIST GROUPS 1 BUFFER_POOL DEFAULT FLASH_CACHE DEFAULT CELL_FLASH_CACHE DEFAULT)
  TABLESPACE "SYSTEM" ;

   COMMENT ON COLUMN "FTD"."MEMBER"."MEMBER_NO" IS '회원 번호';
   COMMENT ON COLUMN "FTD"."MEMBER"."MEMBER_ID" IS '아이디(영어, 숫자, 특수문자  6~12자 사이)';
   COMMENT ON COLUMN "FTD"."MEMBER"."MEMBER_PWD" IS '비밀번호';
   COMMENT ON COLUMN "FTD"."MEMBER"."MEMBER_NAME" IS '이름';
   COMMENT ON COLUMN "FTD"."MEMBER"."EMAIL" IS '이메일';
   COMMENT ON COLUMN "FTD"."MEMBER"."PHONE" IS '전화번호(-포함 13자리)';
   COMMENT ON COLUMN "FTD"."MEMBER"."ZIP_CODE" IS '우편 번호';
   COMMENT ON COLUMN "FTD"."MEMBER"."ADDRESS" IS '주소';
   COMMENT ON COLUMN "FTD"."MEMBER"."DETAIL_ADDRESS" IS '상세 주소';
   COMMENT ON COLUMN "FTD"."MEMBER"."GENDER" IS '성별(M,F)';
   COMMENT ON COLUMN "FTD"."MEMBER"."STATUS" IS '탈퇴일';
--------------------------------------------------------
--  DDL for Table NOTICE
--------------------------------------------------------

  CREATE TABLE "FTD"."NOTICE" 
   (	"NOTICE_NO" NUMBER, 
	"NOTICE_TITLE" VARCHAR2(400 BYTE), 
	"NOTICE_CONTENT" VARCHAR2(3000 BYTE), 
	"COUNT" NUMBER DEFAULT 0, 
	"CREATE_DATE" DATE DEFAULT SYSDATE, 
	"DELETE_DATE" DATE
   ) SEGMENT CREATION IMMEDIATE 
  PCTFREE 10 PCTUSED 40 INITRANS 1 MAXTRANS 255 NOCOMPRESS LOGGING
  STORAGE(INITIAL 65536 NEXT 1048576 MINEXTENTS 1 MAXEXTENTS 2147483645
  PCTINCREASE 0 FREELISTS 1 FREELIST GROUPS 1 BUFFER_POOL DEFAULT FLASH_CACHE DEFAULT CELL_FLASH_CACHE DEFAULT)
  TABLESPACE "SYSTEM" ;

   COMMENT ON COLUMN "FTD"."NOTICE"."NOTICE_NO" IS '공지사항 번호';
   COMMENT ON COLUMN "FTD"."NOTICE"."NOTICE_TITLE" IS '제목';
   COMMENT ON COLUMN "FTD"."NOTICE"."NOTICE_CONTENT" IS '내용';
   COMMENT ON COLUMN "FTD"."NOTICE"."COUNT" IS '조회수';
   COMMENT ON COLUMN "FTD"."NOTICE"."CREATE_DATE" IS '등록일';
   COMMENT ON COLUMN "FTD"."NOTICE"."DELETE_DATE" IS '삭제일';
--------------------------------------------------------
--  DDL for Table NOTICE_FILE
--------------------------------------------------------

  CREATE TABLE "FTD"."NOTICE_FILE" 
   (	"FILE_NO" NUMBER, 
	"NOTICE_NO" NUMBER, 
	"ORIGIN_NAME" VARCHAR2(400 BYTE), 
	"CHANGE_NAME" VARCHAR2(400 BYTE), 
	"CREATE_DATE" DATE DEFAULT SYSDATE, 
	"DELETE_DATE" DATE
   ) SEGMENT CREATION IMMEDIATE 
  PCTFREE 10 PCTUSED 40 INITRANS 1 MAXTRANS 255 NOCOMPRESS LOGGING
  STORAGE(INITIAL 65536 NEXT 1048576 MINEXTENTS 1 MAXEXTENTS 2147483645
  PCTINCREASE 0 FREELISTS 1 FREELIST GROUPS 1 BUFFER_POOL DEFAULT FLASH_CACHE DEFAULT CELL_FLASH_CACHE DEFAULT)
  TABLESPACE "SYSTEM" ;

   COMMENT ON COLUMN "FTD"."NOTICE_FILE"."FILE_NO" IS '파일 번호';
   COMMENT ON COLUMN "FTD"."NOTICE_FILE"."NOTICE_NO" IS '공지사항 번호';
   COMMENT ON COLUMN "FTD"."NOTICE_FILE"."ORIGIN_NAME" IS '원본명';
   COMMENT ON COLUMN "FTD"."NOTICE_FILE"."CHANGE_NAME" IS '수정명';
   COMMENT ON COLUMN "FTD"."NOTICE_FILE"."CREATE_DATE" IS '등록일';
   COMMENT ON COLUMN "FTD"."NOTICE_FILE"."DELETE_DATE" IS '삭제일';
--------------------------------------------------------
--  DDL for Table ORDER
--------------------------------------------------------

  CREATE TABLE "FTD"."ORDER" 
   (	"ORDER_NO" NUMBER, 
	"MEMBER_NO" NUMBER, 
	"ORDER_NAME" VARCHAR2(15 BYTE), 
	"PHONE" VARCHAR2(13 BYTE), 
	"PRICE" NUMBER, 
	"ZIP_CODE" VARCHAR2(5 BYTE), 
	"ADDRESS" VARCHAR2(100 BYTE), 
	"DETAIL_ADDRESS" VARCHAR2(100 BYTE), 
	"REQUEST" VARCHAR2(200 BYTE), 
	"PAY_TID" VARCHAR2(100 BYTE), 
	"PAY_METHOD" VARCHAR2(100 BYTE), 
	"PAY_DATE" DATE DEFAULT SYSDATE, 
	"PAY_CANCEL" DATE, 
	"STATUS" DATE
   ) SEGMENT CREATION IMMEDIATE 
  PCTFREE 10 PCTUSED 40 INITRANS 1 MAXTRANS 255 NOCOMPRESS LOGGING
  STORAGE(INITIAL 65536 NEXT 1048576 MINEXTENTS 1 MAXEXTENTS 2147483645
  PCTINCREASE 0 FREELISTS 1 FREELIST GROUPS 1 BUFFER_POOL DEFAULT FLASH_CACHE DEFAULT CELL_FLASH_CACHE DEFAULT)
  TABLESPACE "SYSTEM" ;

   COMMENT ON COLUMN "FTD"."ORDER"."ORDER_NO" IS '주문 번호';
   COMMENT ON COLUMN "FTD"."ORDER"."MEMBER_NO" IS '회원 번호';
   COMMENT ON COLUMN "FTD"."ORDER"."ORDER_NAME" IS '이름';
   COMMENT ON COLUMN "FTD"."ORDER"."PHONE" IS '전화 번호';
   COMMENT ON COLUMN "FTD"."ORDER"."PRICE" IS '총 가격';
   COMMENT ON COLUMN "FTD"."ORDER"."ZIP_CODE" IS '우편 번호';
   COMMENT ON COLUMN "FTD"."ORDER"."ADDRESS" IS '주소';
   COMMENT ON COLUMN "FTD"."ORDER"."DETAIL_ADDRESS" IS '상세 주소';
   COMMENT ON COLUMN "FTD"."ORDER"."REQUEST" IS '배송시 요청 사항';
   COMMENT ON COLUMN "FTD"."ORDER"."PAY_TID" IS '결제 고유 번호';
   COMMENT ON COLUMN "FTD"."ORDER"."PAY_METHOD" IS '결제 방법';
   COMMENT ON COLUMN "FTD"."ORDER"."PAY_DATE" IS '결제일';
   COMMENT ON COLUMN "FTD"."ORDER"."PAY_CANCEL" IS '환불일';
   COMMENT ON COLUMN "FTD"."ORDER"."STATUS" IS '결제 완료 상태';
--------------------------------------------------------
--  DDL for Table ORDER_GOODS
--------------------------------------------------------

  CREATE TABLE "FTD"."ORDER_GOODS" 
   (	"ORDER_DETAIL_NO" NUMBER, 
	"ORDER_NO" NUMBER, 
	"GOOD_NO" NUMBER, 
	"COUNT" NUMBER, 
	"PRICE" NUMBER, 
	"STATUS" CHAR(1 BYTE) DEFAULT 'N'
   ) SEGMENT CREATION IMMEDIATE 
  PCTFREE 10 PCTUSED 40 INITRANS 1 MAXTRANS 255 NOCOMPRESS LOGGING
  STORAGE(INITIAL 65536 NEXT 1048576 MINEXTENTS 1 MAXEXTENTS 2147483645
  PCTINCREASE 0 FREELISTS 1 FREELIST GROUPS 1 BUFFER_POOL DEFAULT FLASH_CACHE DEFAULT CELL_FLASH_CACHE DEFAULT)
  TABLESPACE "SYSTEM" ;

   COMMENT ON COLUMN "FTD"."ORDER_GOODS"."ORDER_DETAIL_NO" IS '주문 상세 번호';
   COMMENT ON COLUMN "FTD"."ORDER_GOODS"."ORDER_NO" IS '주문 번호';
   COMMENT ON COLUMN "FTD"."ORDER_GOODS"."GOOD_NO" IS '상품 번호';
   COMMENT ON COLUMN "FTD"."ORDER_GOODS"."COUNT" IS '수량';
   COMMENT ON COLUMN "FTD"."ORDER_GOODS"."PRICE" IS '상품별 가격';
   COMMENT ON COLUMN "FTD"."ORDER_GOODS"."STATUS" IS '주문 처리 상태';
--------------------------------------------------------
--  DDL for Table PROMOTION
--------------------------------------------------------

  CREATE TABLE "FTD"."PROMOTION" 
   (	"PROMOTION_NO" NUMBER, 
	"SELLER_NO" NUMBER, 
	"PROMOTION_TITLE" VARCHAR2(100 BYTE), 
	"PROMOTION_CONTENT" VARCHAR2(3000 BYTE), 
	"COUNT" NUMBER DEFAULT 0, 
	"CREATE_DATE" DATE DEFAULT SYSDATE, 
	"DELETE_DATE" DATE
   ) SEGMENT CREATION IMMEDIATE 
  PCTFREE 10 PCTUSED 40 INITRANS 1 MAXTRANS 255 NOCOMPRESS LOGGING
  STORAGE(INITIAL 65536 NEXT 1048576 MINEXTENTS 1 MAXEXTENTS 2147483645
  PCTINCREASE 0 FREELISTS 1 FREELIST GROUPS 1 BUFFER_POOL DEFAULT FLASH_CACHE DEFAULT CELL_FLASH_CACHE DEFAULT)
  TABLESPACE "SYSTEM" ;

   COMMENT ON COLUMN "FTD"."PROMOTION"."PROMOTION_NO" IS '홍보 번호';
   COMMENT ON COLUMN "FTD"."PROMOTION"."SELLER_NO" IS '판매자 번호';
   COMMENT ON COLUMN "FTD"."PROMOTION"."PROMOTION_TITLE" IS '제목';
   COMMENT ON COLUMN "FTD"."PROMOTION"."PROMOTION_CONTENT" IS '내용';
   COMMENT ON COLUMN "FTD"."PROMOTION"."COUNT" IS '조회수';
   COMMENT ON COLUMN "FTD"."PROMOTION"."CREATE_DATE" IS '등록일';
   COMMENT ON COLUMN "FTD"."PROMOTION"."DELETE_DATE" IS '삭제일';
--------------------------------------------------------
--  DDL for Table PROMOTION_FILE
--------------------------------------------------------

  CREATE TABLE "FTD"."PROMOTION_FILE" 
   (	"FILE_NO" NUMBER, 
	"PROMOTION_NO" NUMBER, 
	"ORIGINAL_NAME" VARCHAR2(300 BYTE), 
	"CHANGE_NAME" VARCHAR2(300 BYTE), 
	"CREATE_DATE" DATE, 
	"DELETE_DATE" DATE
   ) SEGMENT CREATION IMMEDIATE 
  PCTFREE 10 PCTUSED 40 INITRANS 1 MAXTRANS 255 NOCOMPRESS LOGGING
  STORAGE(INITIAL 65536 NEXT 1048576 MINEXTENTS 1 MAXEXTENTS 2147483645
  PCTINCREASE 0 FREELISTS 1 FREELIST GROUPS 1 BUFFER_POOL DEFAULT FLASH_CACHE DEFAULT CELL_FLASH_CACHE DEFAULT)
  TABLESPACE "SYSTEM" ;

   COMMENT ON COLUMN "FTD"."PROMOTION_FILE"."FILE_NO" IS '파일 번호';
   COMMENT ON COLUMN "FTD"."PROMOTION_FILE"."PROMOTION_NO" IS '홍보 번호';
   COMMENT ON COLUMN "FTD"."PROMOTION_FILE"."ORIGINAL_NAME" IS '원본명';
   COMMENT ON COLUMN "FTD"."PROMOTION_FILE"."CHANGE_NAME" IS '수정명';
   COMMENT ON COLUMN "FTD"."PROMOTION_FILE"."CREATE_DATE" IS '등록일';
   COMMENT ON COLUMN "FTD"."PROMOTION_FILE"."DELETE_DATE" IS '삭제일';
--------------------------------------------------------
--  DDL for Table PROMOTION_REPLY
--------------------------------------------------------

  CREATE TABLE "FTD"."PROMOTION_REPLY" 
   (	"REPLY_NO" NUMBER, 
	"PROMOTION_NO" NUMBER, 
	"MEMBER_NO" NUMBER, 
	"REPLY_CONTENT" VARCHAR2(3000 BYTE), 
	"CREATE_DATE" DATE DEFAULT SYSDATE, 
	"DELETE_DATE" DATE
   ) SEGMENT CREATION IMMEDIATE 
  PCTFREE 10 PCTUSED 40 INITRANS 1 MAXTRANS 255 NOCOMPRESS LOGGING
  STORAGE(INITIAL 65536 NEXT 1048576 MINEXTENTS 1 MAXEXTENTS 2147483645
  PCTINCREASE 0 FREELISTS 1 FREELIST GROUPS 1 BUFFER_POOL DEFAULT FLASH_CACHE DEFAULT CELL_FLASH_CACHE DEFAULT)
  TABLESPACE "SYSTEM" ;

   COMMENT ON COLUMN "FTD"."PROMOTION_REPLY"."REPLY_NO" IS '댓글 번호';
   COMMENT ON COLUMN "FTD"."PROMOTION_REPLY"."PROMOTION_NO" IS '홍보 번호';
   COMMENT ON COLUMN "FTD"."PROMOTION_REPLY"."MEMBER_NO" IS '회원 번호';
   COMMENT ON COLUMN "FTD"."PROMOTION_REPLY"."REPLY_CONTENT" IS '내용';
   COMMENT ON COLUMN "FTD"."PROMOTION_REPLY"."CREATE_DATE" IS '등록일';
   COMMENT ON COLUMN "FTD"."PROMOTION_REPLY"."DELETE_DATE" IS '삭제일';
--------------------------------------------------------
--  DDL for Table REVIEW
--------------------------------------------------------

  CREATE TABLE "FTD"."REVIEW" 
   (	"REV_NO" NUMBER, 
	"MEMBER_NO" NUMBER, 
	"GOOD_NO" NUMBER, 
	"REV_TITLE" VARCHAR2(100 BYTE), 
	"REV_CONTENT" VARCHAR2(3000 BYTE), 
	"COUNT" NUMBER DEFAULT 0, 
	"STAR_RATING" NUMBER DEFAULT 0, 
	"CREATE_DATE" DATE DEFAULT SYSDATE, 
	"DELETE_DATE" DATE
   ) SEGMENT CREATION IMMEDIATE 
  PCTFREE 10 PCTUSED 40 INITRANS 1 MAXTRANS 255 NOCOMPRESS LOGGING
  STORAGE(INITIAL 65536 NEXT 1048576 MINEXTENTS 1 MAXEXTENTS 2147483645
  PCTINCREASE 0 FREELISTS 1 FREELIST GROUPS 1 BUFFER_POOL DEFAULT FLASH_CACHE DEFAULT CELL_FLASH_CACHE DEFAULT)
  TABLESPACE "SYSTEM" ;

   COMMENT ON COLUMN "FTD"."REVIEW"."REV_NO" IS '후기 번호';
   COMMENT ON COLUMN "FTD"."REVIEW"."MEMBER_NO" IS '회원 번호';
   COMMENT ON COLUMN "FTD"."REVIEW"."GOOD_NO" IS '상품 번호';
   COMMENT ON COLUMN "FTD"."REVIEW"."REV_TITLE" IS '제목';
   COMMENT ON COLUMN "FTD"."REVIEW"."REV_CONTENT" IS '내용';
   COMMENT ON COLUMN "FTD"."REVIEW"."COUNT" IS '조회수';
   COMMENT ON COLUMN "FTD"."REVIEW"."STAR_RATING" IS '별점';
   COMMENT ON COLUMN "FTD"."REVIEW"."CREATE_DATE" IS '등록일';
   COMMENT ON COLUMN "FTD"."REVIEW"."DELETE_DATE" IS '삭제일';
--------------------------------------------------------
--  DDL for Table REVIEW_FILE
--------------------------------------------------------

  CREATE TABLE "FTD"."REVIEW_FILE" 
   (	"FILE_NO" NUMBER, 
	"REV_NO" NUMBER, 
	"ORIGIN_NAME" VARCHAR2(400 BYTE), 
	"CHANGE_NAME" VARCHAR2(400 BYTE), 
	"CREATE_DATE" DATE, 
	"DELETE_DATE" DATE
   ) SEGMENT CREATION IMMEDIATE 
  PCTFREE 10 PCTUSED 40 INITRANS 1 MAXTRANS 255 NOCOMPRESS LOGGING
  STORAGE(INITIAL 65536 NEXT 1048576 MINEXTENTS 1 MAXEXTENTS 2147483645
  PCTINCREASE 0 FREELISTS 1 FREELIST GROUPS 1 BUFFER_POOL DEFAULT FLASH_CACHE DEFAULT CELL_FLASH_CACHE DEFAULT)
  TABLESPACE "SYSTEM" ;

   COMMENT ON COLUMN "FTD"."REVIEW_FILE"."FILE_NO" IS '파일 번호';
   COMMENT ON COLUMN "FTD"."REVIEW_FILE"."REV_NO" IS '후기 번호';
   COMMENT ON COLUMN "FTD"."REVIEW_FILE"."ORIGIN_NAME" IS '원본명';
   COMMENT ON COLUMN "FTD"."REVIEW_FILE"."CHANGE_NAME" IS '수정명';
   COMMENT ON COLUMN "FTD"."REVIEW_FILE"."CREATE_DATE" IS '등록일';
   COMMENT ON COLUMN "FTD"."REVIEW_FILE"."DELETE_DATE" IS '삭제일';
--------------------------------------------------------
--  DDL for Table REVIEW_REPLY
--------------------------------------------------------

  CREATE TABLE "FTD"."REVIEW_REPLY" 
   (	"REPLY_NO" NUMBER, 
	"REV_NO" NUMBER, 
	"MEMBER_NO" NUMBER, 
	"REPLY_CONTENT" VARCHAR2(3000 BYTE), 
	"CREATE_DATE" DATE DEFAULT SYSDATE, 
	"DELETE_DATE" DATE
   ) SEGMENT CREATION IMMEDIATE 
  PCTFREE 10 PCTUSED 40 INITRANS 1 MAXTRANS 255 NOCOMPRESS LOGGING
  STORAGE(INITIAL 65536 NEXT 1048576 MINEXTENTS 1 MAXEXTENTS 2147483645
  PCTINCREASE 0 FREELISTS 1 FREELIST GROUPS 1 BUFFER_POOL DEFAULT FLASH_CACHE DEFAULT CELL_FLASH_CACHE DEFAULT)
  TABLESPACE "SYSTEM" ;

   COMMENT ON COLUMN "FTD"."REVIEW_REPLY"."REPLY_NO" IS '댓글 번호';
   COMMENT ON COLUMN "FTD"."REVIEW_REPLY"."REV_NO" IS '후기 번호';
   COMMENT ON COLUMN "FTD"."REVIEW_REPLY"."MEMBER_NO" IS '회원 번호';
   COMMENT ON COLUMN "FTD"."REVIEW_REPLY"."REPLY_CONTENT" IS '내용';
   COMMENT ON COLUMN "FTD"."REVIEW_REPLY"."CREATE_DATE" IS '등록일';
   COMMENT ON COLUMN "FTD"."REVIEW_REPLY"."DELETE_DATE" IS '삭제일';
--------------------------------------------------------
--  DDL for Table SELLER
--------------------------------------------------------

  CREATE TABLE "FTD"."SELLER" 
   (	"SELLER_NO" NUMBER, 
	"COMPANY_NAME" VARCHAR2(100 BYTE), 
	"SELLER_ID" VARCHAR2(25 BYTE), 
	"SELLER_PWD" VARCHAR2(100 BYTE), 
	"SELLER_NAME" VARCHAR2(20 BYTE), 
	"COMPANY_NO" VARCHAR2(20 BYTE), 
	"BUSINESS_NO" VARCHAR2(35 BYTE), 
	"ADDRESS" VARCHAR2(100 BYTE), 
	"EMAIL" VARCHAR2(40 BYTE), 
	"PHONE" VARCHAR2(13 BYTE), 
	"ACCOUNT_NO" VARCHAR2(30 BYTE), 
	"DELETE_DATE" DATE, 
	"ENROLL_DATE" DATE DEFAULT SYSDATE, 
	"ACCEPT_DATE" DATE, 
	"REFUSE_REASON" VARCHAR2(30 BYTE)
   ) SEGMENT CREATION IMMEDIATE 
  PCTFREE 10 PCTUSED 40 INITRANS 1 MAXTRANS 255 NOCOMPRESS LOGGING
  STORAGE(INITIAL 65536 NEXT 1048576 MINEXTENTS 1 MAXEXTENTS 2147483645
  PCTINCREASE 0 FREELISTS 1 FREELIST GROUPS 1 BUFFER_POOL DEFAULT FLASH_CACHE DEFAULT CELL_FLASH_CACHE DEFAULT)
  TABLESPACE "SYSTEM" ;

   COMMENT ON COLUMN "FTD"."SELLER"."SELLER_NO" IS '판매자 번호';
   COMMENT ON COLUMN "FTD"."SELLER"."COMPANY_NAME" IS '상호명';
   COMMENT ON COLUMN "FTD"."SELLER"."SELLER_ID" IS '아이디';
   COMMENT ON COLUMN "FTD"."SELLER"."SELLER_PWD" IS '비밀번호';
   COMMENT ON COLUMN "FTD"."SELLER"."SELLER_NAME" IS '대표자 이름';
   COMMENT ON COLUMN "FTD"."SELLER"."COMPANY_NO" IS '사업자 등록 번호(000-000-0000 의 형식)';
   COMMENT ON COLUMN "FTD"."SELLER"."BUSINESS_NO" IS '통신 판매 번호(XXX-00000호 형식)';
   COMMENT ON COLUMN "FTD"."SELLER"."ADDRESS" IS '소재지';
   COMMENT ON COLUMN "FTD"."SELLER"."EMAIL" IS '메일 주소';
   COMMENT ON COLUMN "FTD"."SELLER"."PHONE" IS '전화 번호(-를 포함)';
   COMMENT ON COLUMN "FTD"."SELLER"."ACCOUNT_NO" IS '계좌 번호(-를 포함)';
   COMMENT ON COLUMN "FTD"."SELLER"."DELETE_DATE" IS '탈퇴일';
   COMMENT ON COLUMN "FTD"."SELLER"."ENROLL_DATE" IS '가입일';
   COMMENT ON COLUMN "FTD"."SELLER"."ACCEPT_DATE" IS '승인일';
   COMMENT ON COLUMN "FTD"."SELLER"."REFUSE_REASON" IS '회원가입 거절 사유';
--------------------------------------------------------
--  DDL for Table SELLER_FILE
--------------------------------------------------------

  CREATE TABLE "FTD"."SELLER_FILE" 
   (	"FILE_NO" NUMBER, 
	"SELLER_NO" NUMBER, 
	"ORIGINAL_NAME" VARCHAR2(400 BYTE), 
	"CHANGE_NAME" VARCHAR2(400 BYTE), 
	"CREATE_DATE" DATE DEFAULT SYSDATE, 
	"DELETE_DATE" DATE
   ) SEGMENT CREATION IMMEDIATE 
  PCTFREE 10 PCTUSED 40 INITRANS 1 MAXTRANS 255 NOCOMPRESS LOGGING
  STORAGE(INITIAL 65536 NEXT 1048576 MINEXTENTS 1 MAXEXTENTS 2147483645
  PCTINCREASE 0 FREELISTS 1 FREELIST GROUPS 1 BUFFER_POOL DEFAULT FLASH_CACHE DEFAULT CELL_FLASH_CACHE DEFAULT)
  TABLESPACE "SYSTEM" ;

   COMMENT ON COLUMN "FTD"."SELLER_FILE"."FILE_NO" IS '파일 번호';
   COMMENT ON COLUMN "FTD"."SELLER_FILE"."SELLER_NO" IS '판매자 번호';
   COMMENT ON COLUMN "FTD"."SELLER_FILE"."ORIGINAL_NAME" IS '원본명';
   COMMENT ON COLUMN "FTD"."SELLER_FILE"."CHANGE_NAME" IS '수정명';
   COMMENT ON COLUMN "FTD"."SELLER_FILE"."CREATE_DATE" IS '등록일';
   COMMENT ON COLUMN "FTD"."SELLER_FILE"."DELETE_DATE" IS '삭제일';
--------------------------------------------------------
--  DDL for Table SELL_REPLY
--------------------------------------------------------

  CREATE TABLE "FTD"."SELL_REPLY" 
   (	"REPLY_NO" NUMBER, 
	"MEMBER_NO" NUMBER, 
	"SELL_NO" NUMBER, 
	"REPLY_CONTENT" VARCHAR2(100 BYTE), 
	"CREATE_DATE" DATE DEFAULT SYSDATE, 
	"DELETE_DATE" DATE
   ) SEGMENT CREATION IMMEDIATE 
  PCTFREE 10 PCTUSED 40 INITRANS 1 MAXTRANS 255 NOCOMPRESS LOGGING
  STORAGE(INITIAL 65536 NEXT 1048576 MINEXTENTS 1 MAXEXTENTS 2147483645
  PCTINCREASE 0 FREELISTS 1 FREELIST GROUPS 1 BUFFER_POOL DEFAULT FLASH_CACHE DEFAULT CELL_FLASH_CACHE DEFAULT)
  TABLESPACE "SYSTEM" ;

   COMMENT ON COLUMN "FTD"."SELL_REPLY"."REPLY_NO" IS '댓글 번호';
   COMMENT ON COLUMN "FTD"."SELL_REPLY"."MEMBER_NO" IS '회원 번호';
   COMMENT ON COLUMN "FTD"."SELL_REPLY"."SELL_NO" IS '상품 판매 번호';
   COMMENT ON COLUMN "FTD"."SELL_REPLY"."REPLY_CONTENT" IS '내용';
   COMMENT ON COLUMN "FTD"."SELL_REPLY"."CREATE_DATE" IS '등록일';
   COMMENT ON COLUMN "FTD"."SELL_REPLY"."DELETE_DATE" IS '삭제일';
--------------------------------------------------------
--  DDL for Table SUBSCRIBE
--------------------------------------------------------

  CREATE TABLE "FTD"."SUBSCRIBE" 
   (	"MEMBER_NO" NUMBER, 
	"SELLER_NO" NUMBER
   ) SEGMENT CREATION IMMEDIATE 
  PCTFREE 10 PCTUSED 40 INITRANS 1 MAXTRANS 255 NOCOMPRESS LOGGING
  STORAGE(INITIAL 65536 NEXT 1048576 MINEXTENTS 1 MAXEXTENTS 2147483645
  PCTINCREASE 0 FREELISTS 1 FREELIST GROUPS 1 BUFFER_POOL DEFAULT FLASH_CACHE DEFAULT CELL_FLASH_CACHE DEFAULT)
  TABLESPACE "SYSTEM" ;

   COMMENT ON COLUMN "FTD"."SUBSCRIBE"."MEMBER_NO" IS '회원 번호';
   COMMENT ON COLUMN "FTD"."SUBSCRIBE"."SELLER_NO" IS '판매자 번호';
REM INSERTING into FTD.CART
SET DEFINE OFF;
Insert into FTD.CART (CART_NO,MEMBER_NO,GOOD_NO,COUNT,STATUS) values (1,2,3,7,'Y');
Insert into FTD.CART (CART_NO,MEMBER_NO,GOOD_NO,COUNT,STATUS) values (2,2,3,1,'N');
Insert into FTD.CART (CART_NO,MEMBER_NO,GOOD_NO,COUNT,STATUS) values (3,2,1,5,'Y');
Insert into FTD.CART (CART_NO,MEMBER_NO,GOOD_NO,COUNT,STATUS) values (4,2,3,1,'N');
Insert into FTD.CART (CART_NO,MEMBER_NO,GOOD_NO,COUNT,STATUS) values (5,2,10,6,'Y');
REM INSERTING into FTD.GOODS
SET DEFINE OFF;
Insert into FTD.GOODS (GOOD_NO,SELLER_NO,GOOD_TITLE,GOOD_DETAIL,ORIGIN,PRICE,CREATE_DATE,DELETE_DATE,EXPIRATION_DATE,STOCK) values (1,12,'파','깐 대파 3kg','부산광역시',25500,to_date('23/12/19','RR/MM/DD'),null,to_date('24/05/06','RR/MM/DD'),28);
Insert into FTD.GOODS (GOOD_NO,SELLER_NO,GOOD_TITLE,GOOD_DETAIL,ORIGIN,PRICE,CREATE_DATE,DELETE_DATE,EXPIRATION_DATE,STOCK) values (2,12,'감자','햇 수미감자 5kg 대','경북 청송군',14900,to_date('23/12/19','RR/MM/DD'),null,to_date('24/09/07','RR/MM/DD'),55);
Insert into FTD.GOODS (GOOD_NO,SELLER_NO,GOOD_TITLE,GOOD_DETAIL,ORIGIN,PRICE,CREATE_DATE,DELETE_DATE,EXPIRATION_DATE,STOCK) values (3,1,'바나나','바나나','베트남',5380,to_date('23/12/19','RR/MM/DD'),null,to_date('23/12/26','RR/MM/DD'),0);
Insert into FTD.GOODS (GOOD_NO,SELLER_NO,GOOD_TITLE,GOOD_DETAIL,ORIGIN,PRICE,CREATE_DATE,DELETE_DATE,EXPIRATION_DATE,STOCK) values (4,1,'블루베리','과일','대한민국',14300,to_date('23/12/19','RR/MM/DD'),null,to_date('23/12/27','RR/MM/DD'),10);
Insert into FTD.GOODS (GOOD_NO,SELLER_NO,GOOD_TITLE,GOOD_DETAIL,ORIGIN,PRICE,CREATE_DATE,DELETE_DATE,EXPIRATION_DATE,STOCK) values (5,3,'블루베리','과일','대한민국',14300,to_date('23/12/19','RR/MM/DD'),to_date('23/12/19','RR/MM/DD'),to_date('23/12/28','RR/MM/DD'),10);
Insert into FTD.GOODS (GOOD_NO,SELLER_NO,GOOD_TITLE,GOOD_DETAIL,ORIGIN,PRICE,CREATE_DATE,DELETE_DATE,EXPIRATION_DATE,STOCK) values (6,3,'블루베리','과일','대한민국',14300,to_date('23/12/19','RR/MM/DD'),null,to_date('23/12/29','RR/MM/DD'),12);
Insert into FTD.GOODS (GOOD_NO,SELLER_NO,GOOD_TITLE,GOOD_DETAIL,ORIGIN,PRICE,CREATE_DATE,DELETE_DATE,EXPIRATION_DATE,STOCK) values (7,4,'야채','당근','대한민국',8900,to_date('23/12/19','RR/MM/DD'),null,to_date('24/01/02','RR/MM/DD'),14);
Insert into FTD.GOODS (GOOD_NO,SELLER_NO,GOOD_TITLE,GOOD_DETAIL,ORIGIN,PRICE,CREATE_DATE,DELETE_DATE,EXPIRATION_DATE,STOCK) values (8,5,'야채','가지','방글라데시',9900,to_date('23/12/19','RR/MM/DD'),null,to_date('23/12/29','RR/MM/DD'),18);
Insert into FTD.GOODS (GOOD_NO,SELLER_NO,GOOD_TITLE,GOOD_DETAIL,ORIGIN,PRICE,CREATE_DATE,DELETE_DATE,EXPIRATION_DATE,STOCK) values (9,6,'야채','토마토','대한민국',14600,to_date('23/12/19','RR/MM/DD'),null,to_date('24/01/04','RR/MM/DD'),55);
Insert into FTD.GOODS (GOOD_NO,SELLER_NO,GOOD_TITLE,GOOD_DETAIL,ORIGIN,PRICE,CREATE_DATE,DELETE_DATE,EXPIRATION_DATE,STOCK) values (10,7,'야채','파프리카','수리남',4899,to_date('23/12/19','RR/MM/DD'),null,to_date('23/12/24','RR/MM/DD'),5);
Insert into FTD.GOODS (GOOD_NO,SELLER_NO,GOOD_TITLE,GOOD_DETAIL,ORIGIN,PRICE,CREATE_DATE,DELETE_DATE,EXPIRATION_DATE,STOCK) values (11,26,'오이','오이 10개입','경북 청송군',9450,to_date('23/12/19','RR/MM/DD'),null,to_date('24/02/12','RR/MM/DD'),39);
Insert into FTD.GOODS (GOOD_NO,SELLER_NO,GOOD_TITLE,GOOD_DETAIL,ORIGIN,PRICE,CREATE_DATE,DELETE_DATE,EXPIRATION_DATE,STOCK) values (12,26,'당근','세척 햇당근 5kg','제주 구좌',24500,to_date('23/12/19','RR/MM/DD'),null,to_date('24/04/04','RR/MM/DD'),27);
REM INSERTING into FTD.GOODS_FILE
SET DEFINE OFF;
Insert into FTD.GOODS_FILE (FILE_NO,SELL_NO,ORIGINAL_NAME,CHANGE_NAME,CREATE_DATE,DELETE_DATE) values (1,1,'파.jpg','resources/uploadFiles/goods/20231219134952143209.jpg',to_date('23/12/19','RR/MM/DD'),null);
Insert into FTD.GOODS_FILE (FILE_NO,SELL_NO,ORIGINAL_NAME,CHANGE_NAME,CREATE_DATE,DELETE_DATE) values (2,2,'감자.webp','resources/uploadFiles/goods/20231219135729118727.webp',to_date('23/12/19','RR/MM/DD'),null);
Insert into FTD.GOODS_FILE (FILE_NO,SELL_NO,ORIGINAL_NAME,CHANGE_NAME,CREATE_DATE,DELETE_DATE) values (3,3,'bananas-1119790_1280.jpg','resources/uploadFiles/goods/20231219140315115470.jpg',to_date('23/12/19','RR/MM/DD'),null);
Insert into FTD.GOODS_FILE (FILE_NO,SELL_NO,ORIGINAL_NAME,CHANGE_NAME,CREATE_DATE,DELETE_DATE) values (4,4,'blueberries-2270379_1280.jpg','resources/uploadFiles/goods/20231219140908145440.jpg',to_date('23/12/19','RR/MM/DD'),to_date('23/12/19','RR/MM/DD'));
Insert into FTD.GOODS_FILE (FILE_NO,SELL_NO,ORIGINAL_NAME,CHANGE_NAME,CREATE_DATE,DELETE_DATE) values (5,5,'blueberries-2270379_1280.jpg','resources/uploadFiles/goods/20231219141031170341.jpg',to_date('23/12/19','RR/MM/DD'),null);
Insert into FTD.GOODS_FILE (FILE_NO,SELL_NO,ORIGINAL_NAME,CHANGE_NAME,CREATE_DATE,DELETE_DATE) values (6,6,'carrots-2387394_1280.jpg','resources/uploadFiles/goods/20231219141139125037.jpg',to_date('23/12/19','RR/MM/DD'),null);
Insert into FTD.GOODS_FILE (FILE_NO,SELL_NO,ORIGINAL_NAME,CHANGE_NAME,CREATE_DATE,DELETE_DATE) values (7,7,'eggplant.jpg','resources/uploadFiles/goods/20231219141928123651.jpg',to_date('23/12/19','RR/MM/DD'),null);
Insert into FTD.GOODS_FILE (FILE_NO,SELL_NO,ORIGINAL_NAME,CHANGE_NAME,CREATE_DATE,DELETE_DATE) values (8,8,'tomato.jpg','resources/uploadFiles/goods/20231219142234130957.jpg',to_date('23/12/19','RR/MM/DD'),null);
Insert into FTD.GOODS_FILE (FILE_NO,SELL_NO,ORIGINAL_NAME,CHANGE_NAME,CREATE_DATE,DELETE_DATE) values (9,9,'paprika.jpg','resources/uploadFiles/goods/20231219142605135891.jpg',to_date('23/12/19','RR/MM/DD'),null);
Insert into FTD.GOODS_FILE (FILE_NO,SELL_NO,ORIGINAL_NAME,CHANGE_NAME,CREATE_DATE,DELETE_DATE) values (10,10,'오이.jpg','resources/uploadFiles/goods/20231219170210124294.jpg',to_date('23/12/19','RR/MM/DD'),null);
Insert into FTD.GOODS_FILE (FILE_NO,SELL_NO,ORIGINAL_NAME,CHANGE_NAME,CREATE_DATE,DELETE_DATE) values (11,11,'당근.jpg','resources/uploadFiles/goods/20231219170229164780.jpg',to_date('23/12/19','RR/MM/DD'),null);
REM INSERTING into FTD.GOODS_SELL
SET DEFINE OFF;
Insert into FTD.GOODS_SELL (SELL_NO,SELLER_NO,GOOD_NO,SELL_TITLE,SELL_CONTENT,COUNT,CREATE_DATE,DELETE_DATE) values (1,12,1,'깐 대파 3kg 한봉지','<p>깐대파입니다.<img src="https://gdimg.gmarket.co.kr/2871817743/still/280?ver=1680157933" style="width: 280px;"></p>',15,to_date('23/12/19','RR/MM/DD'),null);
Insert into FTD.GOODS_SELL (SELL_NO,SELLER_NO,GOOD_NO,SELL_TITLE,SELL_CONTENT,COUNT,CREATE_DATE,DELETE_DATE) values (2,12,2,'포슬포슬 햇 수미감자 5kg 대','<p><img src="https://gdimg.gmarket.co.kr/1853868118/still/280?ver=1664935518" style="width: 280px;">&nbsp;</p><p><font color="#000000" style="background-color: rgb(255, 255, 0);"><b><span style="font-size: 30px;">햇감자 (대) 찜용입니다!!!</span></b></font><br></p>',7,to_date('23/12/19','RR/MM/DD'),null);
Insert into FTD.GOODS_SELL (SELL_NO,SELLER_NO,GOOD_NO,SELL_TITLE,SELL_CONTENT,COUNT,CREATE_DATE,DELETE_DATE) values (3,1,3,'바나나','<p>빠나나</p>',19,to_date('23/12/19','RR/MM/DD'),null);
Insert into FTD.GOODS_SELL (SELL_NO,SELLER_NO,GOOD_NO,SELL_TITLE,SELL_CONTENT,COUNT,CREATE_DATE,DELETE_DATE) values (4,3,5,'블루베리','<p>쁠루뻬리</p>',4,to_date('23/12/19','RR/MM/DD'),to_date('23/12/19','RR/MM/DD'));
Insert into FTD.GOODS_SELL (SELL_NO,SELLER_NO,GOOD_NO,SELL_TITLE,SELL_CONTENT,COUNT,CREATE_DATE,DELETE_DATE) values (5,3,6,'블루베리','<p>블루베리</p>',7,to_date('23/12/19','RR/MM/DD'),null);
Insert into FTD.GOODS_SELL (SELL_NO,SELLER_NO,GOOD_NO,SELL_TITLE,SELL_CONTENT,COUNT,CREATE_DATE,DELETE_DATE) values (6,4,7,'당근','<p>땅끈</p>',7,to_date('23/12/19','RR/MM/DD'),null);
Insert into FTD.GOODS_SELL (SELL_NO,SELLER_NO,GOOD_NO,SELL_TITLE,SELL_CONTENT,COUNT,CREATE_DATE,DELETE_DATE) values (7,5,8,'가지','<p>까찌</p>',7,to_date('23/12/19','RR/MM/DD'),null);
Insert into FTD.GOODS_SELL (SELL_NO,SELLER_NO,GOOD_NO,SELL_TITLE,SELL_CONTENT,COUNT,CREATE_DATE,DELETE_DATE) values (8,6,9,'토마토','<p>토메이토우</p>',5,to_date('23/12/19','RR/MM/DD'),null);
Insert into FTD.GOODS_SELL (SELL_NO,SELLER_NO,GOOD_NO,SELL_TITLE,SELL_CONTENT,COUNT,CREATE_DATE,DELETE_DATE) values (9,7,10,'파프리카','<p>퐢후리카</p>',2,to_date('23/12/19','RR/MM/DD'),null);
Insert into FTD.GOODS_SELL (SELL_NO,SELLER_NO,GOOD_NO,SELL_TITLE,SELL_CONTENT,COUNT,CREATE_DATE,DELETE_DATE) values (10,26,11,'오이 10개입','<p>오이</p>',0,to_date('23/12/19','RR/MM/DD'),null);
Insert into FTD.GOODS_SELL (SELL_NO,SELLER_NO,GOOD_NO,SELL_TITLE,SELL_CONTENT,COUNT,CREATE_DATE,DELETE_DATE) values (11,26,12,'제주 구좌 세척 햇당근 5kg','<p>제주산 당근</p>',0,to_date('23/12/19','RR/MM/DD'),null);
REM INSERTING into FTD.INQUIRY
SET DEFINE OFF;
Insert into FTD.INQUIRY (INQ_NO,SELLER_NO,MEMBER_NO,INQ_TITLE,INQ_CONTENT,COUNT,CREATE_DATE,DELETE_DATE,RESPONSE_CONTENT,RESPONSE_DATE) values (1,1,2,'반난나','파나요',4,to_date('23/12/19','RR/MM/DD'),null,null,null);
REM INSERTING into FTD.INQUIRY_FILE
SET DEFINE OFF;
Insert into FTD.INQUIRY_FILE (FILE_NO,INQ_NO,ORIGIN_NAME,CHANGE_NAME,CREATE_DATE,DELETE_DATE) values (1,1,'바나나.jpg','resources/uploadFiles/inquiry/2023121915592777778.jpg',to_date('23/12/19','RR/MM/DD'),null);
REM INSERTING into FTD.INQUIRY_REPLY
SET DEFINE OFF;
REM INSERTING into FTD."LIKE"
SET DEFINE OFF;
Insert into FTD."LIKE" (MEMBER_NO,GOOD_NO) values (2,3);
Insert into FTD."LIKE" (MEMBER_NO,GOOD_NO) values (2,7);
Insert into FTD."LIKE" (MEMBER_NO,GOOD_NO) values (2,2);
Insert into FTD."LIKE" (MEMBER_NO,GOOD_NO) values (2,1);
Insert into FTD."LIKE" (MEMBER_NO,GOOD_NO) values (2,10);
REM INSERTING into FTD.MEMBER
SET DEFINE OFF;
Insert into FTD.MEMBER (MEMBER_NO,MEMBER_ID,MEMBER_PWD,MEMBER_NAME,EMAIL,PHONE,ZIP_CODE,ADDRESS,DETAIL_ADDRESS,GENDER,STATUS) values (1,'admin','$2a$10$TzwJY6QWPUor0dgui.eDo.jrTxrTeF/SokITU2rzIE8NPjFL2F3V2','어드민','admin@gmail.com','010-2222-5875','11073','경기도 광명시 광명동','광명동 아파트','M',null);
Insert into FTD.MEMBER (MEMBER_NO,MEMBER_ID,MEMBER_PWD,MEMBER_NAME,EMAIL,PHONE,ZIP_CODE,ADDRESS,DETAIL_ADDRESS,GENDER,STATUS) values (2,'user01','$2a$10$TzwJY6QWPUor0dgui.eDo.jrTxrTeF/SokITU2rzIE8NPjFL2F3V2','엄규율','user01@gmail.com','010-4125-3774','46833','대구광역시 수성구 범어동','범어동 아파트','F',null);
Insert into FTD.MEMBER (MEMBER_NO,MEMBER_ID,MEMBER_PWD,MEMBER_NAME,EMAIL,PHONE,ZIP_CODE,ADDRESS,DETAIL_ADDRESS,GENDER,STATUS) values (3,'user02','$2a$10$TzwJY6QWPUor0dgui.eDo.jrTxrTeF/SokITU2rzIE8NPjFL2F3V2','공의예','user02@gmail.com','010-4816-2504','10796','부산광역시 수영구 광안동','광안동 아파트','M',null);
Insert into FTD.MEMBER (MEMBER_NO,MEMBER_ID,MEMBER_PWD,MEMBER_NAME,EMAIL,PHONE,ZIP_CODE,ADDRESS,DETAIL_ADDRESS,GENDER,STATUS) values (4,'user03','$2a$10$TzwJY6QWPUor0dgui.eDo.jrTxrTeF/SokITU2rzIE8NPjFL2F3V2','나선옥','user03@gmail.com','010-4085-8750','20920','경기도 안산시 단원구 선부동','선부동 아파트','F',null);
Insert into FTD.MEMBER (MEMBER_NO,MEMBER_ID,MEMBER_PWD,MEMBER_NAME,EMAIL,PHONE,ZIP_CODE,ADDRESS,DETAIL_ADDRESS,GENDER,STATUS) values (5,'user04','$2a$10$TzwJY6QWPUor0dgui.eDo.jrTxrTeF/SokITU2rzIE8NPjFL2F3V2','방지유','user04@gmail.com','010-1047-4846','51352','경기도 광명시 철산동','철산동 아파트','M',null);
Insert into FTD.MEMBER (MEMBER_NO,MEMBER_ID,MEMBER_PWD,MEMBER_NAME,EMAIL,PHONE,ZIP_CODE,ADDRESS,DETAIL_ADDRESS,GENDER,STATUS) values (6,'user05','$2a$10$TzwJY6QWPUor0dgui.eDo.jrTxrTeF/SokITU2rzIE8NPjFL2F3V2','고해원','user05@gmail.com','010-3422-1376','46498','서울특별시 강동구 암사동','암사동 아파트','F',null);
Insert into FTD.MEMBER (MEMBER_NO,MEMBER_ID,MEMBER_PWD,MEMBER_NAME,EMAIL,PHONE,ZIP_CODE,ADDRESS,DETAIL_ADDRESS,GENDER,STATUS) values (7,'user06','$2a$10$TzwJY6QWPUor0dgui.eDo.jrTxrTeF/SokITU2rzIE8NPjFL2F3V2','원하욱','user06@gmail.com','010-2504-3285','58493','인천광역시 부평구 부개동','부개동 아파트','M',null);
Insert into FTD.MEMBER (MEMBER_NO,MEMBER_ID,MEMBER_PWD,MEMBER_NAME,EMAIL,PHONE,ZIP_CODE,ADDRESS,DETAIL_ADDRESS,GENDER,STATUS) values (8,'user07','$2a$10$TzwJY6QWPUor0dgui.eDo.jrTxrTeF/SokITU2rzIE8NPjFL2F3V2','신률승','user07@gmail.com','010-2664-0256','57866','서울특별시 강동구 성내동','성내동 아파트','F',to_date('23/12/23','RR/MM/DD'));
Insert into FTD.MEMBER (MEMBER_NO,MEMBER_ID,MEMBER_PWD,MEMBER_NAME,EMAIL,PHONE,ZIP_CODE,ADDRESS,DETAIL_ADDRESS,GENDER,STATUS) values (9,'user08','$2a$10$TzwJY6QWPUor0dgui.eDo.jrTxrTeF/SokITU2rzIE8NPjFL2F3V2','남은령','user08@gmail.com','010-5242-3804','73818','충청북도 청주시 흥덕구 복대동','복대동 아파트','M',null);
Insert into FTD.MEMBER (MEMBER_NO,MEMBER_ID,MEMBER_PWD,MEMBER_NAME,EMAIL,PHONE,ZIP_CODE,ADDRESS,DETAIL_ADDRESS,GENDER,STATUS) values (10,'user09','$2a$10$TzwJY6QWPUor0dgui.eDo.jrTxrTeF/SokITU2rzIE8NPjFL2F3V2','탁송린','user09@gmail.com','010-3326-2631','31938','대구광역시 달서구 상인동','상인동 아파트','F',null);
Insert into FTD.MEMBER (MEMBER_NO,MEMBER_ID,MEMBER_PWD,MEMBER_NAME,EMAIL,PHONE,ZIP_CODE,ADDRESS,DETAIL_ADDRESS,GENDER,STATUS) values (11,'user10','$2a$10$TzwJY6QWPUor0dgui.eDo.jrTxrTeF/SokITU2rzIE8NPjFL2F3V2','윤소휘','user10@gmail.com','010-1233-6157','10616','서울특별시 은평구 불광동','불광동 아파트','M',null);
Insert into FTD.MEMBER (MEMBER_NO,MEMBER_ID,MEMBER_PWD,MEMBER_NAME,EMAIL,PHONE,ZIP_CODE,ADDRESS,DETAIL_ADDRESS,GENDER,STATUS) values (12,'user11','$2a$10$TzwJY6QWPUor0dgui.eDo.jrTxrTeF/SokITU2rzIE8NPjFL2F3V2','박여세','user11@gmail.com','010-1756-1061','59347','부산광역시 사하구 다대동','다대동 아파트','F',null);
Insert into FTD.MEMBER (MEMBER_NO,MEMBER_ID,MEMBER_PWD,MEMBER_NAME,EMAIL,PHONE,ZIP_CODE,ADDRESS,DETAIL_ADDRESS,GENDER,STATUS) values (13,'user12','$2a$10$TzwJY6QWPUor0dgui.eDo.jrTxrTeF/SokITU2rzIE8NPjFL2F3V2','황아운','user12@gmail.com','010-8567-7522','93839','대전광역시 서구 관저동','관저동 아파트','M',null);
Insert into FTD.MEMBER (MEMBER_NO,MEMBER_ID,MEMBER_PWD,MEMBER_NAME,EMAIL,PHONE,ZIP_CODE,ADDRESS,DETAIL_ADDRESS,GENDER,STATUS) values (14,'user13','$2a$10$TzwJY6QWPUor0dgui.eDo.jrTxrTeF/SokITU2rzIE8NPjFL2F3V2','우정림','user13@gmail.com','010-4400-8225','20490','인천광역시 계양구 계산동','계산동 아파트','F',null);
Insert into FTD.MEMBER (MEMBER_NO,MEMBER_ID,MEMBER_PWD,MEMBER_NAME,EMAIL,PHONE,ZIP_CODE,ADDRESS,DETAIL_ADDRESS,GENDER,STATUS) values (15,'user14','$2a$10$TzwJY6QWPUor0dgui.eDo.jrTxrTeF/SokITU2rzIE8NPjFL2F3V2','서정예','user14@gmail.com','010-2527-8283','90946','경기도 파주시 목동동','목동동 아파트','M',null);
Insert into FTD.MEMBER (MEMBER_NO,MEMBER_ID,MEMBER_PWD,MEMBER_NAME,EMAIL,PHONE,ZIP_CODE,ADDRESS,DETAIL_ADDRESS,GENDER,STATUS) values (16,'user15','$2a$10$TzwJY6QWPUor0dgui.eDo.jrTxrTeF/SokITU2rzIE8NPjFL2F3V2','변태효','user15@gmail.com','010-6514-3223','96601','경기도 안양시 만안구 석수동','석수동 아파트','F',null);
Insert into FTD.MEMBER (MEMBER_NO,MEMBER_ID,MEMBER_PWD,MEMBER_NAME,EMAIL,PHONE,ZIP_CODE,ADDRESS,DETAIL_ADDRESS,GENDER,STATUS) values (17,'user16','$2a$10$TzwJY6QWPUor0dgui.eDo.jrTxrTeF/SokITU2rzIE8NPjFL2F3V2','우보예','user16@gmail.com','010-5165-8425','80661','서울특별시 송파구 문정동','문정동 아파트','M',to_date('24/03/08','RR/MM/DD'));
Insert into FTD.MEMBER (MEMBER_NO,MEMBER_ID,MEMBER_PWD,MEMBER_NAME,EMAIL,PHONE,ZIP_CODE,ADDRESS,DETAIL_ADDRESS,GENDER,STATUS) values (18,'user17','$2a$10$TzwJY6QWPUor0dgui.eDo.jrTxrTeF/SokITU2rzIE8NPjFL2F3V2','백원안','user17@gmail.com','010-8182-0587','29295','부산광역시 북구 만덕동','만덕동 아파트','F',null);
Insert into FTD.MEMBER (MEMBER_NO,MEMBER_ID,MEMBER_PWD,MEMBER_NAME,EMAIL,PHONE,ZIP_CODE,ADDRESS,DETAIL_ADDRESS,GENDER,STATUS) values (19,'user18','$2a$10$TzwJY6QWPUor0dgui.eDo.jrTxrTeF/SokITU2rzIE8NPjFL2F3V2','최수운','user18@gmail.com','010-5045-6816','43889','서울특별시 강남구 개포동','개포동 아파트','M',null);
Insert into FTD.MEMBER (MEMBER_NO,MEMBER_ID,MEMBER_PWD,MEMBER_NAME,EMAIL,PHONE,ZIP_CODE,ADDRESS,DETAIL_ADDRESS,GENDER,STATUS) values (20,'user19','$2a$10$TzwJY6QWPUor0dgui.eDo.jrTxrTeF/SokITU2rzIE8NPjFL2F3V2','도시한','user19@gmail.com','010-6212-3771','38334','인천광역시 부평구 삼산동','삼산동 아파트','F',null);
Insert into FTD.MEMBER (MEMBER_NO,MEMBER_ID,MEMBER_PWD,MEMBER_NAME,EMAIL,PHONE,ZIP_CODE,ADDRESS,DETAIL_ADDRESS,GENDER,STATUS) values (21,'user20','$2a$10$TzwJY6QWPUor0dgui.eDo.jrTxrTeF/SokITU2rzIE8NPjFL2F3V2','손고우','user20@gmail.com','010-2536-5556','99059','인천광역시 연수구 동춘동','동춘동 아파트','M',null);
Insert into FTD.MEMBER (MEMBER_NO,MEMBER_ID,MEMBER_PWD,MEMBER_NAME,EMAIL,PHONE,ZIP_CODE,ADDRESS,DETAIL_ADDRESS,GENDER,STATUS) values (22,'user21','$2a$10$TzwJY6QWPUor0dgui.eDo.jrTxrTeF/SokITU2rzIE8NPjFL2F3V2','추비우','user21@gmail.com','010-3677-3630','43413','부산광역시 해운대구 재송동','재송동 아파트','F',null);
Insert into FTD.MEMBER (MEMBER_NO,MEMBER_ID,MEMBER_PWD,MEMBER_NAME,EMAIL,PHONE,ZIP_CODE,ADDRESS,DETAIL_ADDRESS,GENDER,STATUS) values (23,'user22','$2a$10$TzwJY6QWPUor0dgui.eDo.jrTxrTeF/SokITU2rzIE8NPjFL2F3V2','장다현','user22@gmail.com','010-6373-7666','58372','경기도 성남시 분당구 야탑동','야탑동 아파트','M',null);
Insert into FTD.MEMBER (MEMBER_NO,MEMBER_ID,MEMBER_PWD,MEMBER_NAME,EMAIL,PHONE,ZIP_CODE,ADDRESS,DETAIL_ADDRESS,GENDER,STATUS) values (24,'user23','$2a$10$TzwJY6QWPUor0dgui.eDo.jrTxrTeF/SokITU2rzIE8NPjFL2F3V2','차의리','user23@gmail.com','010-8086-3010','55844','경기도 김포시 풍무동','풍무동 아파트','F',null);
Insert into FTD.MEMBER (MEMBER_NO,MEMBER_ID,MEMBER_PWD,MEMBER_NAME,EMAIL,PHONE,ZIP_CODE,ADDRESS,DETAIL_ADDRESS,GENDER,STATUS) values (25,'user24','$2a$10$TzwJY6QWPUor0dgui.eDo.jrTxrTeF/SokITU2rzIE8NPjFL2F3V2','민나원','user24@gmail.com','010-2684-1128','79523','부산광역시 연제구 거제동','거제동 아파트','M',to_date('24/01/01','RR/MM/DD'));
Insert into FTD.MEMBER (MEMBER_NO,MEMBER_ID,MEMBER_PWD,MEMBER_NAME,EMAIL,PHONE,ZIP_CODE,ADDRESS,DETAIL_ADDRESS,GENDER,STATUS) values (26,'user25','$2a$10$TzwJY6QWPUor0dgui.eDo.jrTxrTeF/SokITU2rzIE8NPjFL2F3V2','민도운','user25@gmail.com','010-3628-0330','44231','경기도 화성시 병점동','병점동 아파트','F',null);
Insert into FTD.MEMBER (MEMBER_NO,MEMBER_ID,MEMBER_PWD,MEMBER_NAME,EMAIL,PHONE,ZIP_CODE,ADDRESS,DETAIL_ADDRESS,GENDER,STATUS) values (27,'user26','$2a$10$TzwJY6QWPUor0dgui.eDo.jrTxrTeF/SokITU2rzIE8NPjFL2F3V2','유재진','user26@gmail.com','010-8040-8435','42956','부산광역시 북구 구포동','구포동 아파트','M',null);
Insert into FTD.MEMBER (MEMBER_NO,MEMBER_ID,MEMBER_PWD,MEMBER_NAME,EMAIL,PHONE,ZIP_CODE,ADDRESS,DETAIL_ADDRESS,GENDER,STATUS) values (28,'user27','$2a$10$TzwJY6QWPUor0dgui.eDo.jrTxrTeF/SokITU2rzIE8NPjFL2F3V2','황세나','user27@gmail.com','010-7674-6832','27052','경기도 평택시 비전동','비전동 아파트','F',null);
Insert into FTD.MEMBER (MEMBER_NO,MEMBER_ID,MEMBER_PWD,MEMBER_NAME,EMAIL,PHONE,ZIP_CODE,ADDRESS,DETAIL_ADDRESS,GENDER,STATUS) values (29,'user28','$2a$10$TzwJY6QWPUor0dgui.eDo.jrTxrTeF/SokITU2rzIE8NPjFL2F3V2','은준한','user28@gmail.com','010-5745-6785','18429','경기도 수원시 영통구 망포동','망포동 아파트','M',null);
Insert into FTD.MEMBER (MEMBER_NO,MEMBER_ID,MEMBER_PWD,MEMBER_NAME,EMAIL,PHONE,ZIP_CODE,ADDRESS,DETAIL_ADDRESS,GENDER,STATUS) values (30,'user29','$2a$10$TzwJY6QWPUor0dgui.eDo.jrTxrTeF/SokITU2rzIE8NPjFL2F3V2','전고세','user29@gmail.com','010-1880-3655','26527','서울특별시 송파구 방이동','방이동 아파트','F',null);
Insert into FTD.MEMBER (MEMBER_NO,MEMBER_ID,MEMBER_PWD,MEMBER_NAME,EMAIL,PHONE,ZIP_CODE,ADDRESS,DETAIL_ADDRESS,GENDER,STATUS) values (31,'user30','$2a$10$TzwJY6QWPUor0dgui.eDo.jrTxrTeF/SokITU2rzIE8NPjFL2F3V2','구시영','user30@gmail.com','010-5862-4007','90248','경기도 하남시 덕풍동','덕풍동 아파트','M',null);
Insert into FTD.MEMBER (MEMBER_NO,MEMBER_ID,MEMBER_PWD,MEMBER_NAME,EMAIL,PHONE,ZIP_CODE,ADDRESS,DETAIL_ADDRESS,GENDER,STATUS) values (32,'user31','$2a$10$TzwJY6QWPUor0dgui.eDo.jrTxrTeF/SokITU2rzIE8NPjFL2F3V2','조우현','user31@gmail.com','010-3354-3624','84047','경기도 광명시 소하동','소하동 아파트','F',to_date('24/02/13','RR/MM/DD'));
Insert into FTD.MEMBER (MEMBER_NO,MEMBER_ID,MEMBER_PWD,MEMBER_NAME,EMAIL,PHONE,ZIP_CODE,ADDRESS,DETAIL_ADDRESS,GENDER,STATUS) values (33,'user32','$2a$10$TzwJY6QWPUor0dgui.eDo.jrTxrTeF/SokITU2rzIE8NPjFL2F3V2','차하민','user32@gmail.com','010-2832-8620','35779','인천광역시 서구 가좌동','가좌동 아파트','M',null);
Insert into FTD.MEMBER (MEMBER_NO,MEMBER_ID,MEMBER_PWD,MEMBER_NAME,EMAIL,PHONE,ZIP_CODE,ADDRESS,DETAIL_ADDRESS,GENDER,STATUS) values (34,'user33','$2a$10$TzwJY6QWPUor0dgui.eDo.jrTxrTeF/SokITU2rzIE8NPjFL2F3V2','편준향','user33@gmail.com','010-1880-4211','60351','부산광역시 사하구 괴정동','괴정동 아파트','F',null);
Insert into FTD.MEMBER (MEMBER_NO,MEMBER_ID,MEMBER_PWD,MEMBER_NAME,EMAIL,PHONE,ZIP_CODE,ADDRESS,DETAIL_ADDRESS,GENDER,STATUS) values (35,'user34','$2a$10$TzwJY6QWPUor0dgui.eDo.jrTxrTeF/SokITU2rzIE8NPjFL2F3V2','강초은','user34@gmail.com','010-0186-1174','18171','서울특별시 중랑구 신내동','신내동 아파트','M',null);
Insert into FTD.MEMBER (MEMBER_NO,MEMBER_ID,MEMBER_PWD,MEMBER_NAME,EMAIL,PHONE,ZIP_CODE,ADDRESS,DETAIL_ADDRESS,GENDER,STATUS) values (36,'user35','$2a$10$TzwJY6QWPUor0dgui.eDo.jrTxrTeF/SokITU2rzIE8NPjFL2F3V2','염초기','user35@gmail.com','010-6622-2423','42592','경기도 파주시 동패동','동패동 아파트','F',null);
Insert into FTD.MEMBER (MEMBER_NO,MEMBER_ID,MEMBER_PWD,MEMBER_NAME,EMAIL,PHONE,ZIP_CODE,ADDRESS,DETAIL_ADDRESS,GENDER,STATUS) values (37,'user36','$2a$10$TzwJY6QWPUor0dgui.eDo.jrTxrTeF/SokITU2rzIE8NPjFL2F3V2','지영하','user36@gmail.com','010-6374-3368','96180','대구광역시 달서구 용산동','용산동 아파트','M',null);
Insert into FTD.MEMBER (MEMBER_NO,MEMBER_ID,MEMBER_PWD,MEMBER_NAME,EMAIL,PHONE,ZIP_CODE,ADDRESS,DETAIL_ADDRESS,GENDER,STATUS) values (38,'user37','$2a$10$TzwJY6QWPUor0dgui.eDo.jrTxrTeF/SokITU2rzIE8NPjFL2F3V2','여경늘','user37@gmail.com','010-5504-1020','95646','경기도 구리시 인창동','인창동 아파트','F',null);
Insert into FTD.MEMBER (MEMBER_NO,MEMBER_ID,MEMBER_PWD,MEMBER_NAME,EMAIL,PHONE,ZIP_CODE,ADDRESS,DETAIL_ADDRESS,GENDER,STATUS) values (39,'user38','$2a$10$TzwJY6QWPUor0dgui.eDo.jrTxrTeF/SokITU2rzIE8NPjFL2F3V2','편예신','user38@gmail.com','010-2431-7431','38015','경기도 의정부시 의정부동','의정부동 아파트','M',null);
Insert into FTD.MEMBER (MEMBER_NO,MEMBER_ID,MEMBER_PWD,MEMBER_NAME,EMAIL,PHONE,ZIP_CODE,ADDRESS,DETAIL_ADDRESS,GENDER,STATUS) values (40,'user39','$2a$10$TzwJY6QWPUor0dgui.eDo.jrTxrTeF/SokITU2rzIE8NPjFL2F3V2','송순정','user39@gmail.com','010-0842-4866','51241','경기도 남양주시 호평동','호평동 아파트','F',to_date('24/01/16','RR/MM/DD'));
Insert into FTD.MEMBER (MEMBER_NO,MEMBER_ID,MEMBER_PWD,MEMBER_NAME,EMAIL,PHONE,ZIP_CODE,ADDRESS,DETAIL_ADDRESS,GENDER,STATUS) values (41,'user40','$2a$10$TzwJY6QWPUor0dgui.eDo.jrTxrTeF/SokITU2rzIE8NPjFL2F3V2','곽고기','user40@gmail.com','010-6520-4566','97049','서울특별시 동대문구 답십리동','답십리동 아파트','M',null);
Insert into FTD.MEMBER (MEMBER_NO,MEMBER_ID,MEMBER_PWD,MEMBER_NAME,EMAIL,PHONE,ZIP_CODE,ADDRESS,DETAIL_ADDRESS,GENDER,STATUS) values (42,'user41','$2a$10$TzwJY6QWPUor0dgui.eDo.jrTxrTeF/SokITU2rzIE8NPjFL2F3V2','오보정','user41@gmail.com','010-4004-0336','91851','경기도 성남시 수정구 태평동','태평동 아파트','F',null);
Insert into FTD.MEMBER (MEMBER_NO,MEMBER_ID,MEMBER_PWD,MEMBER_NAME,EMAIL,PHONE,ZIP_CODE,ADDRESS,DETAIL_ADDRESS,GENDER,STATUS) values (43,'user42','$2a$10$TzwJY6QWPUor0dgui.eDo.jrTxrTeF/SokITU2rzIE8NPjFL2F3V2','원교혜','user42@gmail.com','010-3107-0052','48611','경기도 양주시 옥정동','옥정동 아파트','M',null);
Insert into FTD.MEMBER (MEMBER_NO,MEMBER_ID,MEMBER_PWD,MEMBER_NAME,EMAIL,PHONE,ZIP_CODE,ADDRESS,DETAIL_ADDRESS,GENDER,STATUS) values (44,'user43','$2a$10$TzwJY6QWPUor0dgui.eDo.jrTxrTeF/SokITU2rzIE8NPjFL2F3V2','여우예','user43@gmail.com','010-0533-8336','82070','인천광역시 미추홀구 도화동','도화동 아파트','F',null);
Insert into FTD.MEMBER (MEMBER_NO,MEMBER_ID,MEMBER_PWD,MEMBER_NAME,EMAIL,PHONE,ZIP_CODE,ADDRESS,DETAIL_ADDRESS,GENDER,STATUS) values (45,'user44','$2a$10$TzwJY6QWPUor0dgui.eDo.jrTxrTeF/SokITU2rzIE8NPjFL2F3V2','백비민','user44@gmail.com','010-7365-6255','61073','인천광역시 계양구 효성동','효성동 아파트','M',null);
Insert into FTD.MEMBER (MEMBER_NO,MEMBER_ID,MEMBER_PWD,MEMBER_NAME,EMAIL,PHONE,ZIP_CODE,ADDRESS,DETAIL_ADDRESS,GENDER,STATUS) values (46,'user45','$2a$10$TzwJY6QWPUor0dgui.eDo.jrTxrTeF/SokITU2rzIE8NPjFL2F3V2','여현송','user45@gmail.com','010-6657-3706','58527','경상남도 양산시 물금읍','물금읍 아파트','F',null);
Insert into FTD.MEMBER (MEMBER_NO,MEMBER_ID,MEMBER_PWD,MEMBER_NAME,EMAIL,PHONE,ZIP_CODE,ADDRESS,DETAIL_ADDRESS,GENDER,STATUS) values (47,'user46','$2a$10$TzwJY6QWPUor0dgui.eDo.jrTxrTeF/SokITU2rzIE8NPjFL2F3V2','전승림','user46@gmail.com','010-5682-8855','75467','경기도 고양시 일산서구 주엽동','주엽동 아파트','M',null);
Insert into FTD.MEMBER (MEMBER_NO,MEMBER_ID,MEMBER_PWD,MEMBER_NAME,EMAIL,PHONE,ZIP_CODE,ADDRESS,DETAIL_ADDRESS,GENDER,STATUS) values (48,'user47','$2a$10$TzwJY6QWPUor0dgui.eDo.jrTxrTeF/SokITU2rzIE8NPjFL2F3V2','박송호','user47@gmail.com','010-8007-2260','43421','부산광역시 부산진구 개금동','개금동 아파트','F',null);
Insert into FTD.MEMBER (MEMBER_NO,MEMBER_ID,MEMBER_PWD,MEMBER_NAME,EMAIL,PHONE,ZIP_CODE,ADDRESS,DETAIL_ADDRESS,GENDER,STATUS) values (49,'user48','$2a$10$TzwJY6QWPUor0dgui.eDo.jrTxrTeF/SokITU2rzIE8NPjFL2F3V2','이보향','user48@gmail.com','010-5355-5600','30919','충청북도 청주시 흥덕구 가경동','가경동 아파트','M',null);
Insert into FTD.MEMBER (MEMBER_NO,MEMBER_ID,MEMBER_PWD,MEMBER_NAME,EMAIL,PHONE,ZIP_CODE,ADDRESS,DETAIL_ADDRESS,GENDER,STATUS) values (50,'user49','$2a$10$TzwJY6QWPUor0dgui.eDo.jrTxrTeF/SokITU2rzIE8NPjFL2F3V2','민주현','user49@gmail.com','010-5402-4772','57958','경기도 고양시 일산서구 대화동','대화동 아파트','F',null);
Insert into FTD.MEMBER (MEMBER_NO,MEMBER_ID,MEMBER_PWD,MEMBER_NAME,EMAIL,PHONE,ZIP_CODE,ADDRESS,DETAIL_ADDRESS,GENDER,STATUS) values (51,'user50','$2a$10$TzwJY6QWPUor0dgui.eDo.jrTxrTeF/SokITU2rzIE8NPjFL2F3V2','나초현','user50@gmail.com','010-4671-4178','77443','경기도 부천시 소사본동','소사본동 아파트','M',to_date('24/01/30','RR/MM/DD'));
Insert into FTD.MEMBER (MEMBER_NO,MEMBER_ID,MEMBER_PWD,MEMBER_NAME,EMAIL,PHONE,ZIP_CODE,ADDRESS,DETAIL_ADDRESS,GENDER,STATUS) values (52,'user51','$2a$10$TzwJY6QWPUor0dgui.eDo.jrTxrTeF/SokITU2rzIE8NPjFL2F3V2','차성리','user51@gmail.com','010-6155-1633','46599','울산광역시 남구 야음동','야음동 아파트','F',null);
Insert into FTD.MEMBER (MEMBER_NO,MEMBER_ID,MEMBER_PWD,MEMBER_NAME,EMAIL,PHONE,ZIP_CODE,ADDRESS,DETAIL_ADDRESS,GENDER,STATUS) values (53,'user52','$2a$10$TzwJY6QWPUor0dgui.eDo.jrTxrTeF/SokITU2rzIE8NPjFL2F3V2','홍도윤','user52@gmail.com','010-8418-1317','47628','인천광역시 연수구 연수동','연수동 아파트','M',null);
Insert into FTD.MEMBER (MEMBER_NO,MEMBER_ID,MEMBER_PWD,MEMBER_NAME,EMAIL,PHONE,ZIP_CODE,ADDRESS,DETAIL_ADDRESS,GENDER,STATUS) values (54,'user53','$2a$10$TzwJY6QWPUor0dgui.eDo.jrTxrTeF/SokITU2rzIE8NPjFL2F3V2','양조임','user53@gmail.com','010-6763-7211','24269','경기도 시흥시 은행동','은행동 아파트','F',null);
Insert into FTD.MEMBER (MEMBER_NO,MEMBER_ID,MEMBER_PWD,MEMBER_NAME,EMAIL,PHONE,ZIP_CODE,ADDRESS,DETAIL_ADDRESS,GENDER,STATUS) values (55,'user54','$2a$10$TzwJY6QWPUor0dgui.eDo.jrTxrTeF/SokITU2rzIE8NPjFL2F3V2','강다언','user54@gmail.com','010-1724-4453','14741','서울특별시 은평구 진관동','진관동 아파트','M',null);
Insert into FTD.MEMBER (MEMBER_NO,MEMBER_ID,MEMBER_PWD,MEMBER_NAME,EMAIL,PHONE,ZIP_CODE,ADDRESS,DETAIL_ADDRESS,GENDER,STATUS) values (56,'user55','$2a$10$TzwJY6QWPUor0dgui.eDo.jrTxrTeF/SokITU2rzIE8NPjFL2F3V2','오정신','user55@gmail.com','010-5684-1387','93944','경기도 군포시 당동','당동 아파트','F',null);
Insert into FTD.MEMBER (MEMBER_NO,MEMBER_ID,MEMBER_PWD,MEMBER_NAME,EMAIL,PHONE,ZIP_CODE,ADDRESS,DETAIL_ADDRESS,GENDER,STATUS) values (57,'user56','$2a$10$TzwJY6QWPUor0dgui.eDo.jrTxrTeF/SokITU2rzIE8NPjFL2F3V2','손원임','user56@gmail.com','010-0638-5701','38941','경기도 파주시 야당동','야당동 아파트','M',to_date('24/02/16','RR/MM/DD'));
Insert into FTD.MEMBER (MEMBER_NO,MEMBER_ID,MEMBER_PWD,MEMBER_NAME,EMAIL,PHONE,ZIP_CODE,ADDRESS,DETAIL_ADDRESS,GENDER,STATUS) values (58,'user57','$2a$10$TzwJY6QWPUor0dgui.eDo.jrTxrTeF/SokITU2rzIE8NPjFL2F3V2','차경교','user57@gmail.com','010-5846-4304','21412','서울특별시 강서구 마곡동','마곡동 아파트','F',null);
Insert into FTD.MEMBER (MEMBER_NO,MEMBER_ID,MEMBER_PWD,MEMBER_NAME,EMAIL,PHONE,ZIP_CODE,ADDRESS,DETAIL_ADDRESS,GENDER,STATUS) values (59,'user58','$2a$10$TzwJY6QWPUor0dgui.eDo.jrTxrTeF/SokITU2rzIE8NPjFL2F3V2','서민혜','user58@gmail.com','010-8433-3773','76371','서울특별시 서대문구 홍제동','홍제동 아파트','M',null);
Insert into FTD.MEMBER (MEMBER_NO,MEMBER_ID,MEMBER_PWD,MEMBER_NAME,EMAIL,PHONE,ZIP_CODE,ADDRESS,DETAIL_ADDRESS,GENDER,STATUS) values (60,'user59','$2a$10$TzwJY6QWPUor0dgui.eDo.jrTxrTeF/SokITU2rzIE8NPjFL2F3V2','최기정','user59@gmail.com','010-8634-4562','35349','경기도 용인시 수지구 성복동','성복동 아파트','F',null);
Insert into FTD.MEMBER (MEMBER_NO,MEMBER_ID,MEMBER_PWD,MEMBER_NAME,EMAIL,PHONE,ZIP_CODE,ADDRESS,DETAIL_ADDRESS,GENDER,STATUS) values (61,'user60','$2a$10$TzwJY6QWPUor0dgui.eDo.jrTxrTeF/SokITU2rzIE8NPjFL2F3V2','나률교','user60@gmail.com','010-7731-8243','69823','서울특별시 강남구 도곡동','도곡동 아파트','M',null);
Insert into FTD.MEMBER (MEMBER_NO,MEMBER_ID,MEMBER_PWD,MEMBER_NAME,EMAIL,PHONE,ZIP_CODE,ADDRESS,DETAIL_ADDRESS,GENDER,STATUS) values (62,'user61','$2a$10$TzwJY6QWPUor0dgui.eDo.jrTxrTeF/SokITU2rzIE8NPjFL2F3V2','방동련','user61@gmail.com','010-6184-0781','72640','경기도 안양시 동안구 평촌동','평촌동 아파트','F',null);
Insert into FTD.MEMBER (MEMBER_NO,MEMBER_ID,MEMBER_PWD,MEMBER_NAME,EMAIL,PHONE,ZIP_CODE,ADDRESS,DETAIL_ADDRESS,GENDER,STATUS) values (63,'user62','$2a$10$TzwJY6QWPUor0dgui.eDo.jrTxrTeF/SokITU2rzIE8NPjFL2F3V2','노송희','user62@gmail.com','010-5355-8432','88114','서울특별시 성북구 길음동','길음동 아파트','M',null);
Insert into FTD.MEMBER (MEMBER_NO,MEMBER_ID,MEMBER_PWD,MEMBER_NAME,EMAIL,PHONE,ZIP_CODE,ADDRESS,DETAIL_ADDRESS,GENDER,STATUS) values (64,'user63','$2a$10$TzwJY6QWPUor0dgui.eDo.jrTxrTeF/SokITU2rzIE8NPjFL2F3V2','고태우','user63@gmail.com','010-7887-3558','31463','경상남도 양산시 물금읍','물금읍 아파트','F',to_date('24/02/13','RR/MM/DD'));
Insert into FTD.MEMBER (MEMBER_NO,MEMBER_ID,MEMBER_PWD,MEMBER_NAME,EMAIL,PHONE,ZIP_CODE,ADDRESS,DETAIL_ADDRESS,GENDER,STATUS) values (65,'user64','$2a$10$TzwJY6QWPUor0dgui.eDo.jrTxrTeF/SokITU2rzIE8NPjFL2F3V2','탁준욱','user64@gmail.com','010-2276-0845','20220','부산광역시 금정구 부곡동','부곡동 아파트','M',null);
Insert into FTD.MEMBER (MEMBER_NO,MEMBER_ID,MEMBER_PWD,MEMBER_NAME,EMAIL,PHONE,ZIP_CODE,ADDRESS,DETAIL_ADDRESS,GENDER,STATUS) values (66,'user65','$2a$10$TzwJY6QWPUor0dgui.eDo.jrTxrTeF/SokITU2rzIE8NPjFL2F3V2','민비완','user65@gmail.com','010-0061-7331','64273','광주광역시 서구 화정동','화정동 아파트','F',null);
Insert into FTD.MEMBER (MEMBER_NO,MEMBER_ID,MEMBER_PWD,MEMBER_NAME,EMAIL,PHONE,ZIP_CODE,ADDRESS,DETAIL_ADDRESS,GENDER,STATUS) values (67,'user66','$2a$10$TzwJY6QWPUor0dgui.eDo.jrTxrTeF/SokITU2rzIE8NPjFL2F3V2','한우진','user66@gmail.com','010-7270-0023','25379','부산광역시 동래구 사직동','사직동 아파트','M',null);
Insert into FTD.MEMBER (MEMBER_NO,MEMBER_ID,MEMBER_PWD,MEMBER_NAME,EMAIL,PHONE,ZIP_CODE,ADDRESS,DETAIL_ADDRESS,GENDER,STATUS) values (68,'user67','$2a$10$TzwJY6QWPUor0dgui.eDo.jrTxrTeF/SokITU2rzIE8NPjFL2F3V2','장비영','user67@gmail.com','010-3020-2581','45579','서울특별시 성북구 장위동','장위동 아파트','F',null);
Insert into FTD.MEMBER (MEMBER_NO,MEMBER_ID,MEMBER_PWD,MEMBER_NAME,EMAIL,PHONE,ZIP_CODE,ADDRESS,DETAIL_ADDRESS,GENDER,STATUS) values (69,'user68','$2a$10$TzwJY6QWPUor0dgui.eDo.jrTxrTeF/SokITU2rzIE8NPjFL2F3V2','진재비','user68@gmail.com','010-5026-8215','13193','인천광역시 남동구 서창동','서창동 아파트','M',null);
Insert into FTD.MEMBER (MEMBER_NO,MEMBER_ID,MEMBER_PWD,MEMBER_NAME,EMAIL,PHONE,ZIP_CODE,ADDRESS,DETAIL_ADDRESS,GENDER,STATUS) values (70,'user69','$2a$10$TzwJY6QWPUor0dgui.eDo.jrTxrTeF/SokITU2rzIE8NPjFL2F3V2','문교영','user69@gmail.com','010-8858-6134','70842','대구광역시 달서구 월성동','월성동 아파트','F',to_date('24/02/24','RR/MM/DD'));
Insert into FTD.MEMBER (MEMBER_NO,MEMBER_ID,MEMBER_PWD,MEMBER_NAME,EMAIL,PHONE,ZIP_CODE,ADDRESS,DETAIL_ADDRESS,GENDER,STATUS) values (71,'user70','$2a$10$TzwJY6QWPUor0dgui.eDo.jrTxrTeF/SokITU2rzIE8NPjFL2F3V2','엄지정','user70@gmail.com','010-4701-6472','22309','서울특별시 중랑구 묵동','묵동 아파트','M',null);
Insert into FTD.MEMBER (MEMBER_NO,MEMBER_ID,MEMBER_PWD,MEMBER_NAME,EMAIL,PHONE,ZIP_CODE,ADDRESS,DETAIL_ADDRESS,GENDER,STATUS) values (72,'user71','$2a$10$TzwJY6QWPUor0dgui.eDo.jrTxrTeF/SokITU2rzIE8NPjFL2F3V2','나아연','user71@gmail.com','010-8428-6433','58141','경기도 수원시 영통구 이의동','이의동 아파트','F',null);
Insert into FTD.MEMBER (MEMBER_NO,MEMBER_ID,MEMBER_PWD,MEMBER_NAME,EMAIL,PHONE,ZIP_CODE,ADDRESS,DETAIL_ADDRESS,GENDER,STATUS) values (73,'user72','$2a$10$TzwJY6QWPUor0dgui.eDo.jrTxrTeF/SokITU2rzIE8NPjFL2F3V2','변상효','user72@gmail.com','010-0457-1614','78758','경기도 화성시 청계동','청계동 아파트','M',null);
Insert into FTD.MEMBER (MEMBER_NO,MEMBER_ID,MEMBER_PWD,MEMBER_NAME,EMAIL,PHONE,ZIP_CODE,ADDRESS,DETAIL_ADDRESS,GENDER,STATUS) values (74,'user73','$2a$10$TzwJY6QWPUor0dgui.eDo.jrTxrTeF/SokITU2rzIE8NPjFL2F3V2','하솔호','user73@gmail.com','010-0211-4351','36482','인천광역시 부평구 십정동','십정동 아파트','F',null);
Insert into FTD.MEMBER (MEMBER_NO,MEMBER_ID,MEMBER_PWD,MEMBER_NAME,EMAIL,PHONE,ZIP_CODE,ADDRESS,DETAIL_ADDRESS,GENDER,STATUS) values (75,'user74','$2a$10$TzwJY6QWPUor0dgui.eDo.jrTxrTeF/SokITU2rzIE8NPjFL2F3V2','하다성','user74@gmail.com','010-6744-4641','76364','경기도 의정부시 민락동','민락동 아파트','M',null);
Insert into FTD.MEMBER (MEMBER_NO,MEMBER_ID,MEMBER_PWD,MEMBER_NAME,EMAIL,PHONE,ZIP_CODE,ADDRESS,DETAIL_ADDRESS,GENDER,STATUS) values (76,'user75','$2a$10$TzwJY6QWPUor0dgui.eDo.jrTxrTeF/SokITU2rzIE8NPjFL2F3V2','강조늘','user75@gmail.com','010-1074-8183','89407','제주특별자치도 제주시 노형동','노형동 아파트','F',null);
Insert into FTD.MEMBER (MEMBER_NO,MEMBER_ID,MEMBER_PWD,MEMBER_NAME,EMAIL,PHONE,ZIP_CODE,ADDRESS,DETAIL_ADDRESS,GENDER,STATUS) values (77,'user76','$2a$10$TzwJY6QWPUor0dgui.eDo.jrTxrTeF/SokITU2rzIE8NPjFL2F3V2','한경소','user76@gmail.com','010-5172-5437','29150','인천광역시 서구 당하동','당하동 아파트','M',null);
Insert into FTD.MEMBER (MEMBER_NO,MEMBER_ID,MEMBER_PWD,MEMBER_NAME,EMAIL,PHONE,ZIP_CODE,ADDRESS,DETAIL_ADDRESS,GENDER,STATUS) values (78,'user77','$2a$10$TzwJY6QWPUor0dgui.eDo.jrTxrTeF/SokITU2rzIE8NPjFL2F3V2','편예온','user77@gmail.com','010-5514-2664','65772','대구광역시 수성구 만촌동','만촌동 아파트','F',null);
Insert into FTD.MEMBER (MEMBER_NO,MEMBER_ID,MEMBER_PWD,MEMBER_NAME,EMAIL,PHONE,ZIP_CODE,ADDRESS,DETAIL_ADDRESS,GENDER,STATUS) values (79,'user78','$2a$10$TzwJY6QWPUor0dgui.eDo.jrTxrTeF/SokITU2rzIE8NPjFL2F3V2','서한원','user78@gmail.com','010-7128-0773','42932','경기도 수원시 권선구 세류동','세류동 아파트','M',null);
Insert into FTD.MEMBER (MEMBER_NO,MEMBER_ID,MEMBER_PWD,MEMBER_NAME,EMAIL,PHONE,ZIP_CODE,ADDRESS,DETAIL_ADDRESS,GENDER,STATUS) values (80,'user79','$2a$10$TzwJY6QWPUor0dgui.eDo.jrTxrTeF/SokITU2rzIE8NPjFL2F3V2','장솔진','user79@gmail.com','010-0450-7547','48412','서울특별시 송파구 거여동','거여동 아파트','F',null);
Insert into FTD.MEMBER (MEMBER_NO,MEMBER_ID,MEMBER_PWD,MEMBER_NAME,EMAIL,PHONE,ZIP_CODE,ADDRESS,DETAIL_ADDRESS,GENDER,STATUS) values (81,'user80','$2a$10$TzwJY6QWPUor0dgui.eDo.jrTxrTeF/SokITU2rzIE8NPjFL2F3V2','고해수','user80@gmail.com','010-2742-5341','35166','전라북도 군산시 나운동','나운동 아파트','M',null);
Insert into FTD.MEMBER (MEMBER_NO,MEMBER_ID,MEMBER_PWD,MEMBER_NAME,EMAIL,PHONE,ZIP_CODE,ADDRESS,DETAIL_ADDRESS,GENDER,STATUS) values (82,'user81','$2a$10$TzwJY6QWPUor0dgui.eDo.jrTxrTeF/SokITU2rzIE8NPjFL2F3V2','추상호','user81@gmail.com','010-3578-5874','89897','울산광역시 남구 무거동','무거동 아파트','F',to_date('24/02/26','RR/MM/DD'));
Insert into FTD.MEMBER (MEMBER_NO,MEMBER_ID,MEMBER_PWD,MEMBER_NAME,EMAIL,PHONE,ZIP_CODE,ADDRESS,DETAIL_ADDRESS,GENDER,STATUS) values (83,'user82','$2a$10$TzwJY6QWPUor0dgui.eDo.jrTxrTeF/SokITU2rzIE8NPjFL2F3V2','염하완','user82@gmail.com','010-2267-8036','63672','부산광역시 금정구 구서동','구서동 아파트','M',null);
Insert into FTD.MEMBER (MEMBER_NO,MEMBER_ID,MEMBER_PWD,MEMBER_NAME,EMAIL,PHONE,ZIP_CODE,ADDRESS,DETAIL_ADDRESS,GENDER,STATUS) values (84,'user83','$2a$10$TzwJY6QWPUor0dgui.eDo.jrTxrTeF/SokITU2rzIE8NPjFL2F3V2','추윤진','user83@gmail.com','010-2311-7288','23904','서울특별시 중랑구 망우동','망우동 아파트','F',null);
Insert into FTD.MEMBER (MEMBER_NO,MEMBER_ID,MEMBER_PWD,MEMBER_NAME,EMAIL,PHONE,ZIP_CODE,ADDRESS,DETAIL_ADDRESS,GENDER,STATUS) values (85,'user84','$2a$10$TzwJY6QWPUor0dgui.eDo.jrTxrTeF/SokITU2rzIE8NPjFL2F3V2','하양교','user84@gmail.com','010-0214-1483','43777','경기도 군포시 금정동','금정동 아파트','M',null);
Insert into FTD.MEMBER (MEMBER_NO,MEMBER_ID,MEMBER_PWD,MEMBER_NAME,EMAIL,PHONE,ZIP_CODE,ADDRESS,DETAIL_ADDRESS,GENDER,STATUS) values (86,'user85','$2a$10$TzwJY6QWPUor0dgui.eDo.jrTxrTeF/SokITU2rzIE8NPjFL2F3V2','한세비','user85@gmail.com','010-5043-0860','79713','전라북도 전주시 덕진구 송천동2가','송천동2가 아파트','F',null);
Insert into FTD.MEMBER (MEMBER_NO,MEMBER_ID,MEMBER_PWD,MEMBER_NAME,EMAIL,PHONE,ZIP_CODE,ADDRESS,DETAIL_ADDRESS,GENDER,STATUS) values (87,'user86','$2a$10$TzwJY6QWPUor0dgui.eDo.jrTxrTeF/SokITU2rzIE8NPjFL2F3V2','우한언','user86@gmail.com','010-5175-8681','10462','대구광역시 서구 비산동','비산동 아파트','M',null);
Insert into FTD.MEMBER (MEMBER_NO,MEMBER_ID,MEMBER_PWD,MEMBER_NAME,EMAIL,PHONE,ZIP_CODE,ADDRESS,DETAIL_ADDRESS,GENDER,STATUS) values (88,'user87','$2a$10$TzwJY6QWPUor0dgui.eDo.jrTxrTeF/SokITU2rzIE8NPjFL2F3V2','정한진','user87@gmail.com','010-3781-2321','73608','전라북도 전주시 덕진구 인후동1가','인후동1가 아파트','F',null);
Insert into FTD.MEMBER (MEMBER_NO,MEMBER_ID,MEMBER_PWD,MEMBER_NAME,EMAIL,PHONE,ZIP_CODE,ADDRESS,DETAIL_ADDRESS,GENDER,STATUS) values (89,'user88','$2a$10$TzwJY6QWPUor0dgui.eDo.jrTxrTeF/SokITU2rzIE8NPjFL2F3V2','문은희','user88@gmail.com','010-5783-7226','50669','경기도 의정부시 가능동','가능동 아파트','M',null);
Insert into FTD.MEMBER (MEMBER_NO,MEMBER_ID,MEMBER_PWD,MEMBER_NAME,EMAIL,PHONE,ZIP_CODE,ADDRESS,DETAIL_ADDRESS,GENDER,STATUS) values (90,'user89','$2a$10$TzwJY6QWPUor0dgui.eDo.jrTxrTeF/SokITU2rzIE8NPjFL2F3V2','나상비','user89@gmail.com','010-3218-5063','46705','경기도 파주시 금촌동','금촌동 아파트','F',null);
Insert into FTD.MEMBER (MEMBER_NO,MEMBER_ID,MEMBER_PWD,MEMBER_NAME,EMAIL,PHONE,ZIP_CODE,ADDRESS,DETAIL_ADDRESS,GENDER,STATUS) values (91,'user90','$2a$10$TzwJY6QWPUor0dgui.eDo.jrTxrTeF/SokITU2rzIE8NPjFL2F3V2','최지련','user90@gmail.com','010-6046-3302','41998','인천광역시 서구 마전동','마전동 아파트','M',null);
Insert into FTD.MEMBER (MEMBER_NO,MEMBER_ID,MEMBER_PWD,MEMBER_NAME,EMAIL,PHONE,ZIP_CODE,ADDRESS,DETAIL_ADDRESS,GENDER,STATUS) values (92,'user91','$2a$10$TzwJY6QWPUor0dgui.eDo.jrTxrTeF/SokITU2rzIE8NPjFL2F3V2','윤태비','user91@gmail.com','010-3813-5611','43671','경기도 고양시 일산동구 백석동','백석동 아파트','F',to_date('24/03/05','RR/MM/DD'));
Insert into FTD.MEMBER (MEMBER_NO,MEMBER_ID,MEMBER_PWD,MEMBER_NAME,EMAIL,PHONE,ZIP_CODE,ADDRESS,DETAIL_ADDRESS,GENDER,STATUS) values (93,'user92','$2a$10$TzwJY6QWPUor0dgui.eDo.jrTxrTeF/SokITU2rzIE8NPjFL2F3V2','곽연유','user92@gmail.com','010-6362-8323','58728','경상남도 김해시 삼계동','삼계동 아파트','M',null);
Insert into FTD.MEMBER (MEMBER_NO,MEMBER_ID,MEMBER_PWD,MEMBER_NAME,EMAIL,PHONE,ZIP_CODE,ADDRESS,DETAIL_ADDRESS,GENDER,STATUS) values (94,'user93','$2a$10$TzwJY6QWPUor0dgui.eDo.jrTxrTeF/SokITU2rzIE8NPjFL2F3V2','양률주','user93@gmail.com','010-7115-4052','68695','서울특별시 강동구 상일동','상일동 아파트','F',null);
Insert into FTD.MEMBER (MEMBER_NO,MEMBER_ID,MEMBER_PWD,MEMBER_NAME,EMAIL,PHONE,ZIP_CODE,ADDRESS,DETAIL_ADDRESS,GENDER,STATUS) values (95,'user94','$2a$10$TzwJY6QWPUor0dgui.eDo.jrTxrTeF/SokITU2rzIE8NPjFL2F3V2','표희운','user94@gmail.com','010-1441-8562','50446','인천광역시 서구 가정동','가정동 아파트','M',null);
Insert into FTD.MEMBER (MEMBER_NO,MEMBER_ID,MEMBER_PWD,MEMBER_NAME,EMAIL,PHONE,ZIP_CODE,ADDRESS,DETAIL_ADDRESS,GENDER,STATUS) values (96,'user95','$2a$10$TzwJY6QWPUor0dgui.eDo.jrTxrTeF/SokITU2rzIE8NPjFL2F3V2','최준미','user95@gmail.com','010-6687-1805','45620','경기도 고양시 일산서구 탄현동','탄현동 아파트','F',null);
Insert into FTD.MEMBER (MEMBER_NO,MEMBER_ID,MEMBER_PWD,MEMBER_NAME,EMAIL,PHONE,ZIP_CODE,ADDRESS,DETAIL_ADDRESS,GENDER,STATUS) values (97,'user96','$2a$10$TzwJY6QWPUor0dgui.eDo.jrTxrTeF/SokITU2rzIE8NPjFL2F3V2','공경예','user96@gmail.com','010-1811-3342','51465','부산광역시 사상구 주례동','주례동 아파트','M',null);
Insert into FTD.MEMBER (MEMBER_NO,MEMBER_ID,MEMBER_PWD,MEMBER_NAME,EMAIL,PHONE,ZIP_CODE,ADDRESS,DETAIL_ADDRESS,GENDER,STATUS) values (98,'user97','$2a$10$TzwJY6QWPUor0dgui.eDo.jrTxrTeF/SokITU2rzIE8NPjFL2F3V2','전해아','user97@gmail.com','010-6172-2362','68815','전라남도 순천시 조례동','조례동 아파트','F',to_date('24/03/07','RR/MM/DD'));
Insert into FTD.MEMBER (MEMBER_NO,MEMBER_ID,MEMBER_PWD,MEMBER_NAME,EMAIL,PHONE,ZIP_CODE,ADDRESS,DETAIL_ADDRESS,GENDER,STATUS) values (99,'user98','$2a$10$TzwJY6QWPUor0dgui.eDo.jrTxrTeF/SokITU2rzIE8NPjFL2F3V2','도지언','user98@gmail.com','010-2710-2821','63211','경기도 부천시 원종동','원종동 아파트','M',null);
Insert into FTD.MEMBER (MEMBER_NO,MEMBER_ID,MEMBER_PWD,MEMBER_NAME,EMAIL,PHONE,ZIP_CODE,ADDRESS,DETAIL_ADDRESS,GENDER,STATUS) values (100,'user99','$2a$10$TzwJY6QWPUor0dgui.eDo.jrTxrTeF/SokITU2rzIE8NPjFL2F3V2','허한령','user99@gmail.com','010-5442-3317','33305','서울특별시 강북구 번동','번동 아파트','F',null);
REM INSERTING into FTD.NOTICE
SET DEFINE OFF;
REM INSERTING into FTD.NOTICE_FILE
SET DEFINE OFF;
REM INSERTING into FTD."ORDER"
SET DEFINE OFF;
Insert into FTD."ORDER" (ORDER_NO,MEMBER_NO,ORDER_NAME,PHONE,PRICE,ZIP_CODE,ADDRESS,DETAIL_ADDRESS,REQUEST,PAY_TID,PAY_METHOD,PAY_DATE,PAY_CANCEL,STATUS) values (1,2,'엄규율','010-4125-3774',40160,'46833','대구광역시 수성구 범어동','범어동 아파트',null,'T58126f03c8776d36e02','point',to_date('23/12/19','RR/MM/DD'),null,null);
Insert into FTD."ORDER" (ORDER_NO,MEMBER_NO,ORDER_NAME,PHONE,PRICE,ZIP_CODE,ADDRESS,DETAIL_ADDRESS,REQUEST,PAY_TID,PAY_METHOD,PAY_DATE,PAY_CANCEL,STATUS) values (2,2,'엄규율','010-4125-3774',130000,'46833','대구광역시 수성구 범어동','범어동 아파트',null,'T58146933ad74821239e','point',to_date('23/12/19','RR/MM/DD'),null,null);
Insert into FTD."ORDER" (ORDER_NO,MEMBER_NO,ORDER_NAME,PHONE,PRICE,ZIP_CODE,ADDRESS,DETAIL_ADDRESS,REQUEST,PAY_TID,PAY_METHOD,PAY_DATE,PAY_CANCEL,STATUS) values (3,2,'엄규율','010-4125-3774',31894,'46833','대구광역시 수성구 범어동','범어동 아파트',null,'T58147043ad7482123ac','point',to_date('23/12/19','RR/MM/DD'),null,null);
REM INSERTING into FTD.ORDER_GOODS
SET DEFINE OFF;
Insert into FTD.ORDER_GOODS (ORDER_DETAIL_NO,ORDER_NO,GOOD_NO,COUNT,PRICE,STATUS) values (1,1,3,7,5380,'E');
Insert into FTD.ORDER_GOODS (ORDER_DETAIL_NO,ORDER_NO,GOOD_NO,COUNT,PRICE,STATUS) values (2,2,1,5,25500,'N');
Insert into FTD.ORDER_GOODS (ORDER_DETAIL_NO,ORDER_NO,GOOD_NO,COUNT,PRICE,STATUS) values (3,3,10,6,4899,'N');
REM INSERTING into FTD.PROMOTION
SET DEFINE OFF;
Insert into FTD.PROMOTION (PROMOTION_NO,SELLER_NO,PROMOTION_TITLE,PROMOTION_CONTENT,COUNT,CREATE_DATE,DELETE_DATE) values (1,1,null,'<p>fafdads</p>',16,to_date('23/12/19','RR/MM/DD'),null);
Insert into FTD.PROMOTION (PROMOTION_NO,SELLER_NO,PROMOTION_TITLE,PROMOTION_CONTENT,COUNT,CREATE_DATE,DELETE_DATE) values (2,26,null,'<p><img src="resources/uploadFiles/promotion/2023121917025259593.jpg" style="width: 530px;"><img src="resources/uploadFiles/promotion/2023121917025881482.jpg" style="width: 50%;"></p><p>오이 당근 팝니다</p>',12,to_date('23/12/19','RR/MM/DD'),null);
REM INSERTING into FTD.PROMOTION_FILE
SET DEFINE OFF;
REM INSERTING into FTD.PROMOTION_REPLY
SET DEFINE OFF;
REM INSERTING into FTD.REVIEW
SET DEFINE OFF;
Insert into FTD.REVIEW (REV_NO,MEMBER_NO,GOOD_NO,REV_TITLE,REV_CONTENT,COUNT,STAR_RATING,CREATE_DATE,DELETE_DATE) values (1,2,3,null,'<p>좋아용</p><p><img src="https://health.chosun.com/site/data/img_dir/2023/07/14/2023071401917_0.jpg" style="width: 640px;"><br></p><p>바나나 좋아용</p><p>수정도 되나요</p>',16,4,to_date('23/12/19','RR/MM/DD'),null);
Insert into FTD.REVIEW (REV_NO,MEMBER_NO,GOOD_NO,REV_TITLE,REV_CONTENT,COUNT,STAR_RATING,CREATE_DATE,DELETE_DATE) values (2,2,3,null,'<p>ㄻㄴㄹㄴㅁㄹㄴㄹ</p>',11,5,to_date('23/12/19','RR/MM/DD'),null);
REM INSERTING into FTD.REVIEW_FILE
SET DEFINE OFF;
REM INSERTING into FTD.REVIEW_REPLY
SET DEFINE OFF;
Insert into FTD.REVIEW_REPLY (REPLY_NO,REV_NO,MEMBER_NO,REPLY_CONTENT,CREATE_DATE,DELETE_DATE) values (1,1,2,'좋아용',to_date('23/12/19','RR/MM/DD'),null);
REM INSERTING into FTD.SELLER
SET DEFINE OFF;
Insert into FTD.SELLER (SELLER_NO,COMPANY_NAME,SELLER_ID,SELLER_PWD,SELLER_NAME,COMPANY_NO,BUSINESS_NO,ADDRESS,EMAIL,PHONE,ACCOUNT_NO,DELETE_DATE,ENROLL_DATE,ACCEPT_DATE,REFUSE_REASON) values (1,'박재림네 야채가게','seller01','$2a$10$TzwJY6QWPUor0dgui.eDo.jrTxrTeF/SokITU2rzIE8NPjFL2F3V2','박재림','123-12-12345','1911-서울특별시-1112','서울특별시 관악구 봉천동','seller01@gmail.com','010-2611-7643','111-2222-3333-44',null,to_date('23/11/30','RR/MM/DD'),null,null);
Insert into FTD.SELLER (SELLER_NO,COMPANY_NAME,SELLER_ID,SELLER_PWD,SELLER_NAME,COMPANY_NO,BUSINESS_NO,ADDRESS,EMAIL,PHONE,ACCOUNT_NO,DELETE_DATE,ENROLL_DATE,ACCEPT_DATE,REFUSE_REASON) values (2,'주다채네 야채가게','seller02','$2a$10$TzwJY6QWPUor0dgui.eDo.jrTxrTeF/SokITU2rzIE8NPjFL2F3V2','주다채','123-12-12346','1912-서울특별시-1113','서울특별시 강서구 화곡동','seller02@gmail.com','010-6658-7433','111-2222-3333-44',to_date('23/12/19','RR/MM/DD'),to_date('23/12/01','RR/MM/DD'),null,null);
Insert into FTD.SELLER (SELLER_NO,COMPANY_NAME,SELLER_ID,SELLER_PWD,SELLER_NAME,COMPANY_NO,BUSINESS_NO,ADDRESS,EMAIL,PHONE,ACCOUNT_NO,DELETE_DATE,ENROLL_DATE,ACCEPT_DATE,REFUSE_REASON) values (3,'권비비네 야채가게','seller03','$2a$10$TzwJY6QWPUor0dgui.eDo.jrTxrTeF/SokITU2rzIE8NPjFL2F3V2','권비비','123-12-12347','1913-서울특별시-1114','서울특별시 노원구 상계동','seller03@gmail.com','010-7433-2348','111-2222-3333-44',null,to_date('23/12/02','RR/MM/DD'),null,null);
Insert into FTD.SELLER (SELLER_NO,COMPANY_NAME,SELLER_ID,SELLER_PWD,SELLER_NAME,COMPANY_NO,BUSINESS_NO,ADDRESS,EMAIL,PHONE,ACCOUNT_NO,DELETE_DATE,ENROLL_DATE,ACCEPT_DATE,REFUSE_REASON) values (4,'방기유네 야채가게','seller04','$2a$10$TzwJY6QWPUor0dgui.eDo.jrTxrTeF/SokITU2rzIE8NPjFL2F3V2','방기유','123-12-12348','1914-인천광역시-1115','인천광역시 연수구 송도동','seller04@gmail.com','010-2242-1552','111-2222-3333-44',null,to_date('23/12/03','RR/MM/DD'),null,null);
Insert into FTD.SELLER (SELLER_NO,COMPANY_NAME,SELLER_ID,SELLER_PWD,SELLER_NAME,COMPANY_NO,BUSINESS_NO,ADDRESS,EMAIL,PHONE,ACCOUNT_NO,DELETE_DATE,ENROLL_DATE,ACCEPT_DATE,REFUSE_REASON) values (5,'추선호네 야채가게','seller05','$2a$10$TzwJY6QWPUor0dgui.eDo.jrTxrTeF/SokITU2rzIE8NPjFL2F3V2','추선호','123-12-12349','1915-서울특별시-1116','서울특별시 양천구 신정동','seller05@gmail.com','010-2487-3281','111-2222-3333-44',null,to_date('23/12/04','RR/MM/DD'),null,null);
Insert into FTD.SELLER (SELLER_NO,COMPANY_NAME,SELLER_ID,SELLER_PWD,SELLER_NAME,COMPANY_NO,BUSINESS_NO,ADDRESS,EMAIL,PHONE,ACCOUNT_NO,DELETE_DATE,ENROLL_DATE,ACCEPT_DATE,REFUSE_REASON) values (6,'남여란네 야채가게','seller06','$2a$10$TzwJY6QWPUor0dgui.eDo.jrTxrTeF/SokITU2rzIE8NPjFL2F3V2','남여란','123-12-12350','1916-서울특별시-1117','서울특별시 양천구 목동','seller06@gmail.com','010-5701-8074','111-2222-3333-44',null,to_date('23/12/05','RR/MM/DD'),null,null);
Insert into FTD.SELLER (SELLER_NO,COMPANY_NAME,SELLER_ID,SELLER_PWD,SELLER_NAME,COMPANY_NO,BUSINESS_NO,ADDRESS,EMAIL,PHONE,ACCOUNT_NO,DELETE_DATE,ENROLL_DATE,ACCEPT_DATE,REFUSE_REASON) values (7,'김승솔네 야채가게','seller07','$2a$10$TzwJY6QWPUor0dgui.eDo.jrTxrTeF/SokITU2rzIE8NPjFL2F3V2','김승솔','123-12-12351','1917-부산광역시-1118','부산광역시 연제구 연산동','seller07@gmail.com','010-5556-4027','111-2222-3333-44',null,to_date('23/12/06','RR/MM/DD'),null,null);
Insert into FTD.SELLER (SELLER_NO,COMPANY_NAME,SELLER_ID,SELLER_PWD,SELLER_NAME,COMPANY_NO,BUSINESS_NO,ADDRESS,EMAIL,PHONE,ACCOUNT_NO,DELETE_DATE,ENROLL_DATE,ACCEPT_DATE,REFUSE_REASON) values (8,'지조리네 야채가게','seller08','$2a$10$TzwJY6QWPUor0dgui.eDo.jrTxrTeF/SokITU2rzIE8NPjFL2F3V2','지조리','123-12-12352','1918-인천광역시-1119','인천광역시 부평구 부평동','seller08@gmail.com','010-2275-2121','111-2222-3333-44',null,to_date('23/12/07','RR/MM/DD'),null,null);
Insert into FTD.SELLER (SELLER_NO,COMPANY_NAME,SELLER_ID,SELLER_PWD,SELLER_NAME,COMPANY_NO,BUSINESS_NO,ADDRESS,EMAIL,PHONE,ACCOUNT_NO,DELETE_DATE,ENROLL_DATE,ACCEPT_DATE,REFUSE_REASON) values (9,'홍슬연네 야채가게','seller09','$2a$10$TzwJY6QWPUor0dgui.eDo.jrTxrTeF/SokITU2rzIE8NPjFL2F3V2','홍슬연','123-12-12353','1919-서울특별시-1120','서울특별시 중랑구 면목동','seller09@gmail.com','010-1253-4484','111-2222-3333-44',null,to_date('23/12/08','RR/MM/DD'),null,null);
Insert into FTD.SELLER (SELLER_NO,COMPANY_NAME,SELLER_ID,SELLER_PWD,SELLER_NAME,COMPANY_NO,BUSINESS_NO,ADDRESS,EMAIL,PHONE,ACCOUNT_NO,DELETE_DATE,ENROLL_DATE,ACCEPT_DATE,REFUSE_REASON) values (10,'민성정네 야채가게','seller10','$2a$10$TzwJY6QWPUor0dgui.eDo.jrTxrTeF/SokITU2rzIE8NPjFL2F3V2','민성정','123-12-12354','1920-경기도-1121','경기도 안양시 만안구 안양동','seller10@gmail.com','010-5164-3202','111-2222-3333-44',null,to_date('23/12/09','RR/MM/DD'),null,null);
Insert into FTD.SELLER (SELLER_NO,COMPANY_NAME,SELLER_ID,SELLER_PWD,SELLER_NAME,COMPANY_NO,BUSINESS_NO,ADDRESS,EMAIL,PHONE,ACCOUNT_NO,DELETE_DATE,ENROLL_DATE,ACCEPT_DATE,REFUSE_REASON) values (11,'신은우네 야채가게','seller11','$2a$10$TzwJY6QWPUor0dgui.eDo.jrTxrTeF/SokITU2rzIE8NPjFL2F3V2','신은우','123-12-12355','1921-인천광역시-1122','인천광역시 미추홀구 주안동','seller11@gmail.com','010-3854-8872','111-2222-3333-44',null,to_date('23/12/10','RR/MM/DD'),null,null);
Insert into FTD.SELLER (SELLER_NO,COMPANY_NAME,SELLER_ID,SELLER_PWD,SELLER_NAME,COMPANY_NO,BUSINESS_NO,ADDRESS,EMAIL,PHONE,ACCOUNT_NO,DELETE_DATE,ENROLL_DATE,ACCEPT_DATE,REFUSE_REASON) values (12,'곽해효네 야채가게','seller12','$2a$10$TzwJY6QWPUor0dgui.eDo.jrTxrTeF/SokITU2rzIE8NPjFL2F3V2','곽해효','123-12-12356','1922-경기도-1123','경기도 부천시 중동','seller12@gmail.com','010-1151-3283','111-2222-3333-44',null,to_date('23/12/11','RR/MM/DD'),null,null);
Insert into FTD.SELLER (SELLER_NO,COMPANY_NAME,SELLER_ID,SELLER_PWD,SELLER_NAME,COMPANY_NO,BUSINESS_NO,ADDRESS,EMAIL,PHONE,ACCOUNT_NO,DELETE_DATE,ENROLL_DATE,ACCEPT_DATE,REFUSE_REASON) values (13,'곽한선네 야채가게','seller13','$2a$10$TzwJY6QWPUor0dgui.eDo.jrTxrTeF/SokITU2rzIE8NPjFL2F3V2','곽한선','123-12-12357','1923-서울특별시-1124','서울특별시 강북구 미아동','seller13@gmail.com','010-5785-3401','111-2222-3333-44',null,to_date('23/12/12','RR/MM/DD'),null,null);
Insert into FTD.SELLER (SELLER_NO,COMPANY_NAME,SELLER_ID,SELLER_PWD,SELLER_NAME,COMPANY_NO,BUSINESS_NO,ADDRESS,EMAIL,PHONE,ACCOUNT_NO,DELETE_DATE,ENROLL_DATE,ACCEPT_DATE,REFUSE_REASON) values (14,'문준한네 야채가게','seller14','$2a$10$TzwJY6QWPUor0dgui.eDo.jrTxrTeF/SokITU2rzIE8NPjFL2F3V2','문준한','123-12-12358','1924-경기도-1125','경기도 남양주시 다산동','seller14@gmail.com','010-5102-2738','111-2222-3333-44',null,to_date('23/12/13','RR/MM/DD'),null,null);
Insert into FTD.SELLER (SELLER_NO,COMPANY_NAME,SELLER_ID,SELLER_PWD,SELLER_NAME,COMPANY_NO,BUSINESS_NO,ADDRESS,EMAIL,PHONE,ACCOUNT_NO,DELETE_DATE,ENROLL_DATE,ACCEPT_DATE,REFUSE_REASON) values (15,'진영정네 야채가게','seller15','$2a$10$TzwJY6QWPUor0dgui.eDo.jrTxrTeF/SokITU2rzIE8NPjFL2F3V2','진영정','123-12-12359','1925-서울특별시-1126','서울특별시 양천구 신월동','seller15@gmail.com','010-2512-5612','111-2222-3333-44',null,to_date('23/12/14','RR/MM/DD'),null,null);
Insert into FTD.SELLER (SELLER_NO,COMPANY_NAME,SELLER_ID,SELLER_PWD,SELLER_NAME,COMPANY_NO,BUSINESS_NO,ADDRESS,EMAIL,PHONE,ACCOUNT_NO,DELETE_DATE,ENROLL_DATE,ACCEPT_DATE,REFUSE_REASON) values (16,'방슬정네 야채가게','seller16','$2a$10$TzwJY6QWPUor0dgui.eDo.jrTxrTeF/SokITU2rzIE8NPjFL2F3V2','방슬정','123-12-12360','1926-인천광역시-1127','인천광역시 남동구 만수동','seller16@gmail.com','010-4312-7702','111-2222-3333-44',null,to_date('23/12/15','RR/MM/DD'),null,null);
Insert into FTD.SELLER (SELLER_NO,COMPANY_NAME,SELLER_ID,SELLER_PWD,SELLER_NAME,COMPANY_NO,BUSINESS_NO,ADDRESS,EMAIL,PHONE,ACCOUNT_NO,DELETE_DATE,ENROLL_DATE,ACCEPT_DATE,REFUSE_REASON) values (17,'나보윤네 야채가게','seller17','$2a$10$TzwJY6QWPUor0dgui.eDo.jrTxrTeF/SokITU2rzIE8NPjFL2F3V2','나보윤','123-12-12361','1927-서울특별시-1128','서울특별시 도봉구 창동','seller17@gmail.com','010-1374-2378','111-2222-3333-44',to_date('23/12/19','RR/MM/DD'),to_date('23/12/16','RR/MM/DD'),null,null);
Insert into FTD.SELLER (SELLER_NO,COMPANY_NAME,SELLER_ID,SELLER_PWD,SELLER_NAME,COMPANY_NO,BUSINESS_NO,ADDRESS,EMAIL,PHONE,ACCOUNT_NO,DELETE_DATE,ENROLL_DATE,ACCEPT_DATE,REFUSE_REASON) values (18,'곽소현네 야채가게','seller18','$2a$10$TzwJY6QWPUor0dgui.eDo.jrTxrTeF/SokITU2rzIE8NPjFL2F3V2','곽소현','123-12-12362','1928-서울특별시-1129','서울특별시 구로구 구로동','seller18@gmail.com','010-7477-7583','111-2222-3333-44',null,to_date('23/12/17','RR/MM/DD'),null,null);
Insert into FTD.SELLER (SELLER_NO,COMPANY_NAME,SELLER_ID,SELLER_PWD,SELLER_NAME,COMPANY_NO,BUSINESS_NO,ADDRESS,EMAIL,PHONE,ACCOUNT_NO,DELETE_DATE,ENROLL_DATE,ACCEPT_DATE,REFUSE_REASON) values (19,'송보윤네 야채가게','seller19','$2a$10$TzwJY6QWPUor0dgui.eDo.jrTxrTeF/SokITU2rzIE8NPjFL2F3V2','송보윤','123-12-12363','1929-서울특별시-1130','서울특별시 동작구 상도동','seller19@gmail.com','010-6687-1677','111-2222-3333-44',null,to_date('23/12/18','RR/MM/DD'),null,null);
Insert into FTD.SELLER (SELLER_NO,COMPANY_NAME,SELLER_ID,SELLER_PWD,SELLER_NAME,COMPANY_NO,BUSINESS_NO,ADDRESS,EMAIL,PHONE,ACCOUNT_NO,DELETE_DATE,ENROLL_DATE,ACCEPT_DATE,REFUSE_REASON) values (20,'지률예네 야채가게','seller20','$2a$10$TzwJY6QWPUor0dgui.eDo.jrTxrTeF/SokITU2rzIE8NPjFL2F3V2','지률예','123-12-12364','1930-경기도-1131','경기도 시흥시 정왕동','seller20@gmail.com','010-6618-3727','111-2222-3333-44',null,to_date('23/12/19','RR/MM/DD'),null,null);
Insert into FTD.SELLER (SELLER_NO,COMPANY_NAME,SELLER_ID,SELLER_PWD,SELLER_NAME,COMPANY_NO,BUSINESS_NO,ADDRESS,EMAIL,PHONE,ACCOUNT_NO,DELETE_DATE,ENROLL_DATE,ACCEPT_DATE,REFUSE_REASON) values (21,'황혜경네 야채가게','seller21','$2a$10$TzwJY6QWPUor0dgui.eDo.jrTxrTeF/SokITU2rzIE8NPjFL2F3V2','황혜경','123-12-12365','1931-인천광역시-1132','인천광역시 서구 청라동','seller21@gmail.com','010-1708-8858','111-2222-3333-44',null,to_date('23/12/20','RR/MM/DD'),null,null);
Insert into FTD.SELLER (SELLER_NO,COMPANY_NAME,SELLER_ID,SELLER_PWD,SELLER_NAME,COMPANY_NO,BUSINESS_NO,ADDRESS,EMAIL,PHONE,ACCOUNT_NO,DELETE_DATE,ENROLL_DATE,ACCEPT_DATE,REFUSE_REASON) values (22,'고연하네 야채가게','seller22','$2a$10$TzwJY6QWPUor0dgui.eDo.jrTxrTeF/SokITU2rzIE8NPjFL2F3V2','고연하','123-12-12366','1932-인천광역시-1133','인천광역시 남동구 구월동','seller22@gmail.com','010-6230-8347','111-2222-3333-44',null,to_date('23/12/21','RR/MM/DD'),null,null);
Insert into FTD.SELLER (SELLER_NO,COMPANY_NAME,SELLER_ID,SELLER_PWD,SELLER_NAME,COMPANY_NO,BUSINESS_NO,ADDRESS,EMAIL,PHONE,ACCOUNT_NO,DELETE_DATE,ENROLL_DATE,ACCEPT_DATE,REFUSE_REASON) values (23,'신성서네 야채가게','seller23','$2a$10$TzwJY6QWPUor0dgui.eDo.jrTxrTeF/SokITU2rzIE8NPjFL2F3V2','신성서','123-12-12367','1933-경기도-1134','경기도 군포시 산본동','seller23@gmail.com','010-3641-8104','111-2222-3333-44',null,to_date('23/12/22','RR/MM/DD'),null,null);
Insert into FTD.SELLER (SELLER_NO,COMPANY_NAME,SELLER_ID,SELLER_PWD,SELLER_NAME,COMPANY_NO,BUSINESS_NO,ADDRESS,EMAIL,PHONE,ACCOUNT_NO,DELETE_DATE,ENROLL_DATE,ACCEPT_DATE,REFUSE_REASON) values (24,'방희교네 야채가게','seller24','$2a$10$TzwJY6QWPUor0dgui.eDo.jrTxrTeF/SokITU2rzIE8NPjFL2F3V2','방희교','123-12-12368','1934-서울특별시-1135','서울특별시 서초구 서초동','seller24@gmail.com','010-4075-1840','111-2222-3333-44',null,to_date('23/12/23','RR/MM/DD'),null,null);
Insert into FTD.SELLER (SELLER_NO,COMPANY_NAME,SELLER_ID,SELLER_PWD,SELLER_NAME,COMPANY_NO,BUSINESS_NO,ADDRESS,EMAIL,PHONE,ACCOUNT_NO,DELETE_DATE,ENROLL_DATE,ACCEPT_DATE,REFUSE_REASON) values (25,'하아유네 야채가게','seller25','$2a$10$TzwJY6QWPUor0dgui.eDo.jrTxrTeF/SokITU2rzIE8NPjFL2F3V2','하아유','123-12-12369','1935-서울특별시-1136','서울특별시 송파구 잠실동','seller25@gmail.com','010-2058-4847','111-2222-3333-44',null,to_date('23/12/24','RR/MM/DD'),null,null);
Insert into FTD.SELLER (SELLER_NO,COMPANY_NAME,SELLER_ID,SELLER_PWD,SELLER_NAME,COMPANY_NO,BUSINESS_NO,ADDRESS,EMAIL,PHONE,ACCOUNT_NO,DELETE_DATE,ENROLL_DATE,ACCEPT_DATE,REFUSE_REASON) values (26,'김혜솔네 야채가게','seller26','$2a$10$TzwJY6QWPUor0dgui.eDo.jrTxrTeF/SokITU2rzIE8NPjFL2F3V2','김혜솔','123-12-12370','1936-경기도-1137','경기도 안산시 상록구 사동','seller26@gmail.com','010-1008-2673','111-2222-3333-44',null,to_date('23/12/25','RR/MM/DD'),null,null);
Insert into FTD.SELLER (SELLER_NO,COMPANY_NAME,SELLER_ID,SELLER_PWD,SELLER_NAME,COMPANY_NO,BUSINESS_NO,ADDRESS,EMAIL,PHONE,ACCOUNT_NO,DELETE_DATE,ENROLL_DATE,ACCEPT_DATE,REFUSE_REASON) values (27,'은규화네 야채가게','seller27','$2a$10$TzwJY6QWPUor0dgui.eDo.jrTxrTeF/SokITU2rzIE8NPjFL2F3V2','은규화','123-12-12371','1937-인천광역시-1138','인천광역시 남동구 논현동','seller27@gmail.com','010-2356-2078','111-2222-3333-44',to_date('23/12/19','RR/MM/DD'),to_date('23/12/26','RR/MM/DD'),null,null);
Insert into FTD.SELLER (SELLER_NO,COMPANY_NAME,SELLER_ID,SELLER_PWD,SELLER_NAME,COMPANY_NO,BUSINESS_NO,ADDRESS,EMAIL,PHONE,ACCOUNT_NO,DELETE_DATE,ENROLL_DATE,ACCEPT_DATE,REFUSE_REASON) values (28,'편윤율네 야채가게','seller28','$2a$10$TzwJY6QWPUor0dgui.eDo.jrTxrTeF/SokITU2rzIE8NPjFL2F3V2','편윤율','123-12-12372','1938-서울특별시-1139','서울특별시 강북구 수유동','seller28@gmail.com','010-6438-1867','111-2222-3333-44',to_date('24/02/03','RR/MM/DD'),to_date('23/12/27','RR/MM/DD'),null,null);
Insert into FTD.SELLER (SELLER_NO,COMPANY_NAME,SELLER_ID,SELLER_PWD,SELLER_NAME,COMPANY_NO,BUSINESS_NO,ADDRESS,EMAIL,PHONE,ACCOUNT_NO,DELETE_DATE,ENROLL_DATE,ACCEPT_DATE,REFUSE_REASON) values (29,'김아빈네 야채가게','seller29','$2a$10$TzwJY6QWPUor0dgui.eDo.jrTxrTeF/SokITU2rzIE8NPjFL2F3V2','김아빈','123-12-12373','1939-서울특별시-1140','서울특별시 금천구 독산동','seller29@gmail.com','010-6278-6434','111-2222-3333-44',to_date('23/12/19','RR/MM/DD'),to_date('23/12/28','RR/MM/DD'),null,null);
Insert into FTD.SELLER (SELLER_NO,COMPANY_NAME,SELLER_ID,SELLER_PWD,SELLER_NAME,COMPANY_NO,BUSINESS_NO,ADDRESS,EMAIL,PHONE,ACCOUNT_NO,DELETE_DATE,ENROLL_DATE,ACCEPT_DATE,REFUSE_REASON) values (30,'고기나네 야채가게','seller30','$2a$10$TzwJY6QWPUor0dgui.eDo.jrTxrTeF/SokITU2rzIE8NPjFL2F3V2','고기나','123-12-12374','1940-서울특별시-1141','서울특별시 금천구 시흥동','seller30@gmail.com','010-1608-1127','111-2222-3333-44',to_date('23/12/19','RR/MM/DD'),to_date('23/12/29','RR/MM/DD'),null,null);
Insert into FTD.SELLER (SELLER_NO,COMPANY_NAME,SELLER_ID,SELLER_PWD,SELLER_NAME,COMPANY_NO,BUSINESS_NO,ADDRESS,EMAIL,PHONE,ACCOUNT_NO,DELETE_DATE,ENROLL_DATE,ACCEPT_DATE,REFUSE_REASON) values (31,'나초교네 야채가게','seller31','$2a$10$TzwJY6QWPUor0dgui.eDo.jrTxrTeF/SokITU2rzIE8NPjFL2F3V2','나초교','123-12-12375','1941-서울특별시-1142','서울특별시 노원구 중계동','seller31@gmail.com','010-1337-2771','111-2222-3333-44',to_date('23/12/19','RR/MM/DD'),to_date('23/12/30','RR/MM/DD'),null,null);
Insert into FTD.SELLER (SELLER_NO,COMPANY_NAME,SELLER_ID,SELLER_PWD,SELLER_NAME,COMPANY_NO,BUSINESS_NO,ADDRESS,EMAIL,PHONE,ACCOUNT_NO,DELETE_DATE,ENROLL_DATE,ACCEPT_DATE,REFUSE_REASON) values (32,'하양한네 야채가게','seller32','$2a$10$TzwJY6QWPUor0dgui.eDo.jrTxrTeF/SokITU2rzIE8NPjFL2F3V2','하양한','123-12-12376','1942-서울특별시-1143','서울특별시 영등포구 신길동','seller32@gmail.com','010-1628-5551','111-2222-3333-44',to_date('23/12/19','RR/MM/DD'),to_date('23/12/31','RR/MM/DD'),null,null);
Insert into FTD.SELLER (SELLER_NO,COMPANY_NAME,SELLER_ID,SELLER_PWD,SELLER_NAME,COMPANY_NO,BUSINESS_NO,ADDRESS,EMAIL,PHONE,ACCOUNT_NO,DELETE_DATE,ENROLL_DATE,ACCEPT_DATE,REFUSE_REASON) values (33,'표재송네 야채가게','seller33','$2a$10$TzwJY6QWPUor0dgui.eDo.jrTxrTeF/SokITU2rzIE8NPjFL2F3V2','표재송','123-12-12377','1943-경기도-1144','경기도 부천시 상동','seller33@gmail.com','010-2218-7856','111-2222-3333-44',to_date('23/12/19','RR/MM/DD'),to_date('24/01/01','RR/MM/DD'),null,null);
Insert into FTD.SELLER (SELLER_NO,COMPANY_NAME,SELLER_ID,SELLER_PWD,SELLER_NAME,COMPANY_NO,BUSINESS_NO,ADDRESS,EMAIL,PHONE,ACCOUNT_NO,DELETE_DATE,ENROLL_DATE,ACCEPT_DATE,REFUSE_REASON) values (34,'여연송네 야채가게','seller34','$2a$10$TzwJY6QWPUor0dgui.eDo.jrTxrTeF/SokITU2rzIE8NPjFL2F3V2','여연송','123-12-12378','1944-경기도-1145','경기도 안양시 동안구 호계동','seller34@gmail.com','010-0144-0774','111-2222-3333-44',to_date('23/12/19','RR/MM/DD'),to_date('24/01/02','RR/MM/DD'),null,null);
Insert into FTD.SELLER (SELLER_NO,COMPANY_NAME,SELLER_ID,SELLER_PWD,SELLER_NAME,COMPANY_NO,BUSINESS_NO,ADDRESS,EMAIL,PHONE,ACCOUNT_NO,DELETE_DATE,ENROLL_DATE,ACCEPT_DATE,REFUSE_REASON) values (35,'차송신네 야채가게','seller35','$2a$10$TzwJY6QWPUor0dgui.eDo.jrTxrTeF/SokITU2rzIE8NPjFL2F3V2','차송신','123-12-12379','1945-서울특별시-1146','서울특별시 서초구 방배동','seller35@gmail.com','010-2576-5848','111-2222-3333-44',to_date('23/12/19','RR/MM/DD'),to_date('24/01/03','RR/MM/DD'),null,null);
Insert into FTD.SELLER (SELLER_NO,COMPANY_NAME,SELLER_ID,SELLER_PWD,SELLER_NAME,COMPANY_NO,BUSINESS_NO,ADDRESS,EMAIL,PHONE,ACCOUNT_NO,DELETE_DATE,ENROLL_DATE,ACCEPT_DATE,REFUSE_REASON) values (36,'엄가령네 야채가게','seller36','$2a$10$TzwJY6QWPUor0dgui.eDo.jrTxrTeF/SokITU2rzIE8NPjFL2F3V2','엄가령','123-12-12380','1946-서울특별시-1147','서울특별시 동작구 사당동','seller36@gmail.com','010-4678-2375','111-2222-3333-44',to_date('23/12/19','RR/MM/DD'),to_date('24/01/04','RR/MM/DD'),null,null);
Insert into FTD.SELLER (SELLER_NO,COMPANY_NAME,SELLER_ID,SELLER_PWD,SELLER_NAME,COMPANY_NO,BUSINESS_NO,ADDRESS,EMAIL,PHONE,ACCOUNT_NO,DELETE_DATE,ENROLL_DATE,ACCEPT_DATE,REFUSE_REASON) values (37,'서병승네 야채가게','seller37','$2a$10$TzwJY6QWPUor0dgui.eDo.jrTxrTeF/SokITU2rzIE8NPjFL2F3V2','서병승','123-12-12381','1947-인천광역시-1148','인천광역시 남동구 간석동','seller37@gmail.com','010-0867-0201','111-2222-3333-44',to_date('24/03/03','RR/MM/DD'),to_date('24/01/05','RR/MM/DD'),null,null);
Insert into FTD.SELLER (SELLER_NO,COMPANY_NAME,SELLER_ID,SELLER_PWD,SELLER_NAME,COMPANY_NO,BUSINESS_NO,ADDRESS,EMAIL,PHONE,ACCOUNT_NO,DELETE_DATE,ENROLL_DATE,ACCEPT_DATE,REFUSE_REASON) values (38,'공순예네 야채가게','seller38','$2a$10$TzwJY6QWPUor0dgui.eDo.jrTxrTeF/SokITU2rzIE8NPjFL2F3V2','공순예','123-12-12382','1948-경기도-1149','경기도 고양시 덕양구 행신동','seller38@gmail.com','010-7571-3312','111-2222-3333-44',to_date('23/12/19','RR/MM/DD'),to_date('24/01/06','RR/MM/DD'),null,null);
Insert into FTD.SELLER (SELLER_NO,COMPANY_NAME,SELLER_ID,SELLER_PWD,SELLER_NAME,COMPANY_NO,BUSINESS_NO,ADDRESS,EMAIL,PHONE,ACCOUNT_NO,DELETE_DATE,ENROLL_DATE,ACCEPT_DATE,REFUSE_REASON) values (39,'탁원유네 야채가게','seller39','$2a$10$TzwJY6QWPUor0dgui.eDo.jrTxrTeF/SokITU2rzIE8NPjFL2F3V2','탁원유','123-12-12383','1949-부산광역시-1150','부산광역시 남구 대연동','seller39@gmail.com','010-8660-6842','111-2222-3333-44',to_date('23/12/19','RR/MM/DD'),to_date('24/01/07','RR/MM/DD'),null,null);
Insert into FTD.SELLER (SELLER_NO,COMPANY_NAME,SELLER_ID,SELLER_PWD,SELLER_NAME,COMPANY_NO,BUSINESS_NO,ADDRESS,EMAIL,PHONE,ACCOUNT_NO,DELETE_DATE,ENROLL_DATE,ACCEPT_DATE,REFUSE_REASON) values (40,'표도교네 야채가게','seller40','$2a$10$TzwJY6QWPUor0dgui.eDo.jrTxrTeF/SokITU2rzIE8NPjFL2F3V2','표도교','123-12-12384','1950-대구광역시-1151','대구광역시 남구 대명동','seller40@gmail.com','010-6241-1546','111-2222-3333-44',to_date('23/12/19','RR/MM/DD'),to_date('24/01/08','RR/MM/DD'),null,null);
Insert into FTD.SELLER (SELLER_NO,COMPANY_NAME,SELLER_ID,SELLER_PWD,SELLER_NAME,COMPANY_NO,BUSINESS_NO,ADDRESS,EMAIL,PHONE,ACCOUNT_NO,DELETE_DATE,ENROLL_DATE,ACCEPT_DATE,REFUSE_REASON) values (41,'안혜서네 야채가게','seller41','$2a$10$TzwJY6QWPUor0dgui.eDo.jrTxrTeF/SokITU2rzIE8NPjFL2F3V2','안혜서','123-12-12385','1951-서울특별시-1152','서울특별시 광진구 자양동','seller41@gmail.com','010-2731-1840','111-2222-3333-44',to_date('23/12/19','RR/MM/DD'),to_date('24/01/09','RR/MM/DD'),null,null);
Insert into FTD.SELLER (SELLER_NO,COMPANY_NAME,SELLER_ID,SELLER_PWD,SELLER_NAME,COMPANY_NO,BUSINESS_NO,ADDRESS,EMAIL,PHONE,ACCOUNT_NO,DELETE_DATE,ENROLL_DATE,ACCEPT_DATE,REFUSE_REASON) values (42,'공나유네 야채가게','seller42','$2a$10$TzwJY6QWPUor0dgui.eDo.jrTxrTeF/SokITU2rzIE8NPjFL2F3V2','공나유','123-12-12386','1952-인천광역시-1153','인천광역시 미추홀구 용현동','seller42@gmail.com','010-4580-1251','111-2222-3333-44',to_date('23/12/19','RR/MM/DD'),to_date('24/01/10','RR/MM/DD'),null,null);
Insert into FTD.SELLER (SELLER_NO,COMPANY_NAME,SELLER_ID,SELLER_PWD,SELLER_NAME,COMPANY_NO,BUSINESS_NO,ADDRESS,EMAIL,PHONE,ACCOUNT_NO,DELETE_DATE,ENROLL_DATE,ACCEPT_DATE,REFUSE_REASON) values (43,'정채령네 야채가게','seller43','$2a$10$TzwJY6QWPUor0dgui.eDo.jrTxrTeF/SokITU2rzIE8NPjFL2F3V2','정채령','123-12-12387','1953-경기도-1154','경기도 수원시 장안구 정자동','seller43@gmail.com','010-5404-5771','111-2222-3333-44',to_date('23/12/19','RR/MM/DD'),to_date('24/01/11','RR/MM/DD'),null,null);
Insert into FTD.SELLER (SELLER_NO,COMPANY_NAME,SELLER_ID,SELLER_PWD,SELLER_NAME,COMPANY_NO,BUSINESS_NO,ADDRESS,EMAIL,PHONE,ACCOUNT_NO,DELETE_DATE,ENROLL_DATE,ACCEPT_DATE,REFUSE_REASON) values (44,'정교임네 야채가게','seller44','$2a$10$TzwJY6QWPUor0dgui.eDo.jrTxrTeF/SokITU2rzIE8NPjFL2F3V2','정교임','123-12-12388','1954-경기도-1155','경기도 안산시 단원구 고잔동','seller44@gmail.com','010-3316-6701','111-2222-3333-44',to_date('23/12/19','RR/MM/DD'),to_date('24/01/12','RR/MM/DD'),null,null);
Insert into FTD.SELLER (SELLER_NO,COMPANY_NAME,SELLER_ID,SELLER_PWD,SELLER_NAME,COMPANY_NO,BUSINESS_NO,ADDRESS,EMAIL,PHONE,ACCOUNT_NO,DELETE_DATE,ENROLL_DATE,ACCEPT_DATE,REFUSE_REASON) values (45,'전채한네 야채가게','seller45','$2a$10$TzwJY6QWPUor0dgui.eDo.jrTxrTeF/SokITU2rzIE8NPjFL2F3V2','전채한','123-12-12389','1955-경기도-1156','경기도 의정부시 신곡동','seller45@gmail.com','010-0084-8808','111-2222-3333-44',to_date('24/02/19','RR/MM/DD'),to_date('24/01/13','RR/MM/DD'),null,null);
Insert into FTD.SELLER (SELLER_NO,COMPANY_NAME,SELLER_ID,SELLER_PWD,SELLER_NAME,COMPANY_NO,BUSINESS_NO,ADDRESS,EMAIL,PHONE,ACCOUNT_NO,DELETE_DATE,ENROLL_DATE,ACCEPT_DATE,REFUSE_REASON) values (46,'곽시이네 야채가게','seller46','$2a$10$TzwJY6QWPUor0dgui.eDo.jrTxrTeF/SokITU2rzIE8NPjFL2F3V2','곽시이','123-12-12390','1956-경기도-1157','경기도 수원시 영통구 매탄동','seller46@gmail.com','010-1541-0303','111-2222-3333-44',to_date('23/12/19','RR/MM/DD'),to_date('24/01/14','RR/MM/DD'),null,null);
Insert into FTD.SELLER (SELLER_NO,COMPANY_NAME,SELLER_ID,SELLER_PWD,SELLER_NAME,COMPANY_NO,BUSINESS_NO,ADDRESS,EMAIL,PHONE,ACCOUNT_NO,DELETE_DATE,ENROLL_DATE,ACCEPT_DATE,REFUSE_REASON) values (47,'류지임네 야채가게','seller47','$2a$10$TzwJY6QWPUor0dgui.eDo.jrTxrTeF/SokITU2rzIE8NPjFL2F3V2','류지임','123-12-12391','1957-부산광역시-1158','부산광역시 해운대구 좌동','seller47@gmail.com','010-6345-5003','111-2222-3333-44',to_date('23/12/19','RR/MM/DD'),to_date('24/01/15','RR/MM/DD'),null,null);
Insert into FTD.SELLER (SELLER_NO,COMPANY_NAME,SELLER_ID,SELLER_PWD,SELLER_NAME,COMPANY_NO,BUSINESS_NO,ADDRESS,EMAIL,PHONE,ACCOUNT_NO,DELETE_DATE,ENROLL_DATE,ACCEPT_DATE,REFUSE_REASON) values (48,'구률하네 야채가게','seller48','$2a$10$TzwJY6QWPUor0dgui.eDo.jrTxrTeF/SokITU2rzIE8NPjFL2F3V2','구률하','123-12-12392','1958-울산광역시-1159','울산광역시 남구 신정동','seller48@gmail.com','010-8266-7626','111-2222-3333-44',to_date('23/12/19','RR/MM/DD'),to_date('24/01/16','RR/MM/DD'),null,null);
Insert into FTD.SELLER (SELLER_NO,COMPANY_NAME,SELLER_ID,SELLER_PWD,SELLER_NAME,COMPANY_NO,BUSINESS_NO,ADDRESS,EMAIL,PHONE,ACCOUNT_NO,DELETE_DATE,ENROLL_DATE,ACCEPT_DATE,REFUSE_REASON) values (49,'홍동영네 야채가게','seller49','$2a$10$TzwJY6QWPUor0dgui.eDo.jrTxrTeF/SokITU2rzIE8NPjFL2F3V2','홍동영','123-12-12393','1959-부산광역시-1160','부산광역시 북구 화명동','seller49@gmail.com','010-5600-3015','111-2222-3333-44',to_date('23/12/19','RR/MM/DD'),to_date('24/01/17','RR/MM/DD'),null,null);
Insert into FTD.SELLER (SELLER_NO,COMPANY_NAME,SELLER_ID,SELLER_PWD,SELLER_NAME,COMPANY_NO,BUSINESS_NO,ADDRESS,EMAIL,PHONE,ACCOUNT_NO,DELETE_DATE,ENROLL_DATE,ACCEPT_DATE,REFUSE_REASON) values (50,'염나완네 야채가게','seller50','$2a$10$TzwJY6QWPUor0dgui.eDo.jrTxrTeF/SokITU2rzIE8NPjFL2F3V2','염나완','123-12-12394','1960-서울특별시-1161','서울특별시 강동구 천호동','seller50@gmail.com','010-3030-3610','111-2222-3333-44',to_date('23/12/19','RR/MM/DD'),to_date('24/01/18','RR/MM/DD'),null,null);
Insert into FTD.SELLER (SELLER_NO,COMPANY_NAME,SELLER_ID,SELLER_PWD,SELLER_NAME,COMPANY_NO,BUSINESS_NO,ADDRESS,EMAIL,PHONE,ACCOUNT_NO,DELETE_DATE,ENROLL_DATE,ACCEPT_DATE,REFUSE_REASON) values (51,'노영령네 야채가게','seller51','$2a$10$TzwJY6QWPUor0dgui.eDo.jrTxrTeF/SokITU2rzIE8NPjFL2F3V2','노영령','123-12-12395','1961-서울특별시-1162','서울특별시 은평구 응암동','seller51@gmail.com','010-3603-2340','111-2222-3333-44',to_date('23/12/19','RR/MM/DD'),to_date('24/01/19','RR/MM/DD'),null,null);
Insert into FTD.SELLER (SELLER_NO,COMPANY_NAME,SELLER_ID,SELLER_PWD,SELLER_NAME,COMPANY_NO,BUSINESS_NO,ADDRESS,EMAIL,PHONE,ACCOUNT_NO,DELETE_DATE,ENROLL_DATE,ACCEPT_DATE,REFUSE_REASON) values (52,'한김미네 야채가게','seller52','$2a$10$TzwJY6QWPUor0dgui.eDo.jrTxrTeF/SokITU2rzIE8NPjFL2F3V2','한김미','123-12-12396','1962-서울특별시-1163','서울특별시 송파구 가락동','seller52@gmail.com','010-0545-2313','111-2222-3333-44',to_date('23/12/19','RR/MM/DD'),to_date('24/01/20','RR/MM/DD'),null,null);
Insert into FTD.SELLER (SELLER_NO,COMPANY_NAME,SELLER_ID,SELLER_PWD,SELLER_NAME,COMPANY_NO,BUSINESS_NO,ADDRESS,EMAIL,PHONE,ACCOUNT_NO,DELETE_DATE,ENROLL_DATE,ACCEPT_DATE,REFUSE_REASON) values (53,'표성한네 야채가게','seller53','$2a$10$TzwJY6QWPUor0dgui.eDo.jrTxrTeF/SokITU2rzIE8NPjFL2F3V2','표성한','123-12-12397','1963-부산광역시-1164','부산광역시 동래구 온천동','seller53@gmail.com','010-2742-3805','111-2222-3333-44',to_date('23/12/19','RR/MM/DD'),to_date('24/01/21','RR/MM/DD'),null,null);
Insert into FTD.SELLER (SELLER_NO,COMPANY_NAME,SELLER_ID,SELLER_PWD,SELLER_NAME,COMPANY_NO,BUSINESS_NO,ADDRESS,EMAIL,PHONE,ACCOUNT_NO,DELETE_DATE,ENROLL_DATE,ACCEPT_DATE,REFUSE_REASON) values (54,'우효재네 야채가게','seller54','$2a$10$TzwJY6QWPUor0dgui.eDo.jrTxrTeF/SokITU2rzIE8NPjFL2F3V2','우효재','123-12-12398','1964-서울특별시-1165','서울특별시 구로구 개봉동','seller54@gmail.com','010-1814-6081','111-2222-3333-44',to_date('23/12/19','RR/MM/DD'),to_date('24/01/22','RR/MM/DD'),null,null);
Insert into FTD.SELLER (SELLER_NO,COMPANY_NAME,SELLER_ID,SELLER_PWD,SELLER_NAME,COMPANY_NO,BUSINESS_NO,ADDRESS,EMAIL,PHONE,ACCOUNT_NO,DELETE_DATE,ENROLL_DATE,ACCEPT_DATE,REFUSE_REASON) values (55,'여송언네 야채가게','seller55','$2a$10$TzwJY6QWPUor0dgui.eDo.jrTxrTeF/SokITU2rzIE8NPjFL2F3V2','여송언','123-12-12399','1965-부산광역시-1166','부산광역시 강서구 명지동','seller55@gmail.com','010-1630-5831','111-2222-3333-44',to_date('23/12/19','RR/MM/DD'),to_date('24/01/23','RR/MM/DD'),null,null);
Insert into FTD.SELLER (SELLER_NO,COMPANY_NAME,SELLER_ID,SELLER_PWD,SELLER_NAME,COMPANY_NO,BUSINESS_NO,ADDRESS,EMAIL,PHONE,ACCOUNT_NO,DELETE_DATE,ENROLL_DATE,ACCEPT_DATE,REFUSE_REASON) values (56,'한수혜네 야채가게','seller56','$2a$10$TzwJY6QWPUor0dgui.eDo.jrTxrTeF/SokITU2rzIE8NPjFL2F3V2','한수혜','123-12-12400','1966-경기도-1167','경기도 수원시 권선구 권선동','seller56@gmail.com','010-2806-4420','111-2222-3333-44',to_date('23/12/19','RR/MM/DD'),to_date('24/01/24','RR/MM/DD'),null,null);
Insert into FTD.SELLER (SELLER_NO,COMPANY_NAME,SELLER_ID,SELLER_PWD,SELLER_NAME,COMPANY_NO,BUSINESS_NO,ADDRESS,EMAIL,PHONE,ACCOUNT_NO,DELETE_DATE,ENROLL_DATE,ACCEPT_DATE,REFUSE_REASON) values (57,'민은은네 야채가게','seller57','$2a$10$TzwJY6QWPUor0dgui.eDo.jrTxrTeF/SokITU2rzIE8NPjFL2F3V2','민은은','123-12-12401','1967-경기도-1168','경기도 수원시 영통구 영통동','seller57@gmail.com','010-7865-1753','111-2222-3333-44',to_date('23/12/19','RR/MM/DD'),to_date('24/01/25','RR/MM/DD'),null,null);
Insert into FTD.SELLER (SELLER_NO,COMPANY_NAME,SELLER_ID,SELLER_PWD,SELLER_NAME,COMPANY_NO,BUSINESS_NO,ADDRESS,EMAIL,PHONE,ACCOUNT_NO,DELETE_DATE,ENROLL_DATE,ACCEPT_DATE,REFUSE_REASON) values (58,'황률영네 야채가게','seller58','$2a$10$TzwJY6QWPUor0dgui.eDo.jrTxrTeF/SokITU2rzIE8NPjFL2F3V2','황률영','123-12-12402','1968-인천광역시-1169','인천광역시 부평구 산곡동','seller58@gmail.com','010-6423-1030','111-2222-3333-44',to_date('24/02/02','RR/MM/DD'),to_date('24/01/26','RR/MM/DD'),null,null);
Insert into FTD.SELLER (SELLER_NO,COMPANY_NAME,SELLER_ID,SELLER_PWD,SELLER_NAME,COMPANY_NO,BUSINESS_NO,ADDRESS,EMAIL,PHONE,ACCOUNT_NO,DELETE_DATE,ENROLL_DATE,ACCEPT_DATE,REFUSE_REASON) values (59,'한의하네 야채가게','seller59','$2a$10$TzwJY6QWPUor0dgui.eDo.jrTxrTeF/SokITU2rzIE8NPjFL2F3V2','한의하','123-12-12403','1969-경기도-1170','경기도 성남시 분당구 정자동','seller59@gmail.com','010-6345-8163','111-2222-3333-44',to_date('23/12/19','RR/MM/DD'),to_date('24/01/27','RR/MM/DD'),null,null);
Insert into FTD.SELLER (SELLER_NO,COMPANY_NAME,SELLER_ID,SELLER_PWD,SELLER_NAME,COMPANY_NO,BUSINESS_NO,ADDRESS,EMAIL,PHONE,ACCOUNT_NO,DELETE_DATE,ENROLL_DATE,ACCEPT_DATE,REFUSE_REASON) values (60,'석은호네 야채가게','seller60','$2a$10$TzwJY6QWPUor0dgui.eDo.jrTxrTeF/SokITU2rzIE8NPjFL2F3V2','석은호','123-12-12404','1970-경기도-1171','경기도 안양시 동안구 비산동','seller60@gmail.com','010-3304-8205','111-2222-3333-44',to_date('23/12/19','RR/MM/DD'),to_date('24/01/28','RR/MM/DD'),null,null);
Insert into FTD.SELLER (SELLER_NO,COMPANY_NAME,SELLER_ID,SELLER_PWD,SELLER_NAME,COMPANY_NO,BUSINESS_NO,ADDRESS,EMAIL,PHONE,ACCOUNT_NO,DELETE_DATE,ENROLL_DATE,ACCEPT_DATE,REFUSE_REASON) values (61,'오진영네 야채가게','seller61','$2a$10$TzwJY6QWPUor0dgui.eDo.jrTxrTeF/SokITU2rzIE8NPjFL2F3V2','오진영','123-12-12405','1971-부산광역시-1172','부산광역시 해운대구 우동','seller61@gmail.com','010-6156-3282','111-2222-3333-44',to_date('23/12/19','RR/MM/DD'),to_date('24/01/29','RR/MM/DD'),null,null);
Insert into FTD.SELLER (SELLER_NO,COMPANY_NAME,SELLER_ID,SELLER_PWD,SELLER_NAME,COMPANY_NO,BUSINESS_NO,ADDRESS,EMAIL,PHONE,ACCOUNT_NO,DELETE_DATE,ENROLL_DATE,ACCEPT_DATE,REFUSE_REASON) values (62,'홍조화네 야채가게','seller62','$2a$10$TzwJY6QWPUor0dgui.eDo.jrTxrTeF/SokITU2rzIE8NPjFL2F3V2','홍조화','123-12-12406','1972-경기도-1173','경기도 용인시 수지구 상현동','seller62@gmail.com','010-0021-5881','111-2222-3333-44',to_date('23/12/19','RR/MM/DD'),to_date('24/01/30','RR/MM/DD'),null,null);
Insert into FTD.SELLER (SELLER_NO,COMPANY_NAME,SELLER_ID,SELLER_PWD,SELLER_NAME,COMPANY_NO,BUSINESS_NO,ADDRESS,EMAIL,PHONE,ACCOUNT_NO,DELETE_DATE,ENROLL_DATE,ACCEPT_DATE,REFUSE_REASON) values (63,'조윤신네 야채가게','seller63','$2a$10$TzwJY6QWPUor0dgui.eDo.jrTxrTeF/SokITU2rzIE8NPjFL2F3V2','조윤신','123-12-12407','1973-서울특별시-1174','서울특별시 광진구 중곡동','seller63@gmail.com','010-5801-0506','111-2222-3333-44',to_date('23/12/19','RR/MM/DD'),to_date('24/01/31','RR/MM/DD'),null,null);
Insert into FTD.SELLER (SELLER_NO,COMPANY_NAME,SELLER_ID,SELLER_PWD,SELLER_NAME,COMPANY_NO,BUSINESS_NO,ADDRESS,EMAIL,PHONE,ACCOUNT_NO,DELETE_DATE,ENROLL_DATE,ACCEPT_DATE,REFUSE_REASON) values (64,'조진주네 야채가게','seller64','$2a$10$TzwJY6QWPUor0dgui.eDo.jrTxrTeF/SokITU2rzIE8NPjFL2F3V2','조진주','123-12-12408','1974-부산광역시-1175','부산광역시 남구 용호동','seller64@gmail.com','010-1227-7134','111-2222-3333-44',to_date('23/12/19','RR/MM/DD'),to_date('24/02/01','RR/MM/DD'),null,null);
Insert into FTD.SELLER (SELLER_NO,COMPANY_NAME,SELLER_ID,SELLER_PWD,SELLER_NAME,COMPANY_NO,BUSINESS_NO,ADDRESS,EMAIL,PHONE,ACCOUNT_NO,DELETE_DATE,ENROLL_DATE,ACCEPT_DATE,REFUSE_REASON) values (65,'백세림네 야채가게','seller65','$2a$10$TzwJY6QWPUor0dgui.eDo.jrTxrTeF/SokITU2rzIE8NPjFL2F3V2','백세림','123-12-12409','1975-서울특별시-1176','서울특별시 강남구 대치동','seller65@gmail.com','010-3660-3563','111-2222-3333-44',to_date('23/12/19','RR/MM/DD'),to_date('24/02/02','RR/MM/DD'),null,null);
Insert into FTD.SELLER (SELLER_NO,COMPANY_NAME,SELLER_ID,SELLER_PWD,SELLER_NAME,COMPANY_NO,BUSINESS_NO,ADDRESS,EMAIL,PHONE,ACCOUNT_NO,DELETE_DATE,ENROLL_DATE,ACCEPT_DATE,REFUSE_REASON) values (66,'배하영네 야채가게','seller66','$2a$10$TzwJY6QWPUor0dgui.eDo.jrTxrTeF/SokITU2rzIE8NPjFL2F3V2','배하영','123-12-12410','1976-경기도-1177','경기도 남양주시 별내동','seller66@gmail.com','010-3248-7574','111-2222-3333-44',to_date('23/12/19','RR/MM/DD'),to_date('24/02/03','RR/MM/DD'),null,null);
Insert into FTD.SELLER (SELLER_NO,COMPANY_NAME,SELLER_ID,SELLER_PWD,SELLER_NAME,COMPANY_NO,BUSINESS_NO,ADDRESS,EMAIL,PHONE,ACCOUNT_NO,DELETE_DATE,ENROLL_DATE,ACCEPT_DATE,REFUSE_REASON) values (67,'원기하네 야채가게','seller67','$2a$10$TzwJY6QWPUor0dgui.eDo.jrTxrTeF/SokITU2rzIE8NPjFL2F3V2','원기하','123-12-12411','1977-경기도-1178','경기도 안양시 동안구 관양동','seller67@gmail.com','010-3770-1850','111-2222-3333-44',to_date('23/12/19','RR/MM/DD'),to_date('24/02/04','RR/MM/DD'),null,null);
Insert into FTD.SELLER (SELLER_NO,COMPANY_NAME,SELLER_ID,SELLER_PWD,SELLER_NAME,COMPANY_NO,BUSINESS_NO,ADDRESS,EMAIL,PHONE,ACCOUNT_NO,DELETE_DATE,ENROLL_DATE,ACCEPT_DATE,REFUSE_REASON) values (68,'민초효네 야채가게','seller68','$2a$10$TzwJY6QWPUor0dgui.eDo.jrTxrTeF/SokITU2rzIE8NPjFL2F3V2','민초효','123-12-12412','1978-경기도-1179','경기도 하남시 망월동','seller68@gmail.com','010-0840-0138','111-2222-3333-44',to_date('24/03/03','RR/MM/DD'),to_date('24/02/05','RR/MM/DD'),null,null);
Insert into FTD.SELLER (SELLER_NO,COMPANY_NAME,SELLER_ID,SELLER_PWD,SELLER_NAME,COMPANY_NO,BUSINESS_NO,ADDRESS,EMAIL,PHONE,ACCOUNT_NO,DELETE_DATE,ENROLL_DATE,ACCEPT_DATE,REFUSE_REASON) values (69,'장나인네 야채가게','seller69','$2a$10$TzwJY6QWPUor0dgui.eDo.jrTxrTeF/SokITU2rzIE8NPjFL2F3V2','장나인','123-12-12413','1979-경기도-1180','경기도 김포시 장기동','seller69@gmail.com','010-6778-2770','111-2222-3333-44',to_date('23/12/19','RR/MM/DD'),to_date('24/02/06','RR/MM/DD'),null,null);
Insert into FTD.SELLER (SELLER_NO,COMPANY_NAME,SELLER_ID,SELLER_PWD,SELLER_NAME,COMPANY_NO,BUSINESS_NO,ADDRESS,EMAIL,PHONE,ACCOUNT_NO,DELETE_DATE,ENROLL_DATE,ACCEPT_DATE,REFUSE_REASON) values (70,'손의령네 야채가게','seller70','$2a$10$TzwJY6QWPUor0dgui.eDo.jrTxrTeF/SokITU2rzIE8NPjFL2F3V2','손의령','123-12-12414','1980-경기도-1181','경기도 안산시 상록구 본오동','seller70@gmail.com','010-1676-0175','111-2222-3333-44',to_date('23/12/19','RR/MM/DD'),to_date('24/02/07','RR/MM/DD'),null,null);
Insert into FTD.SELLER (SELLER_NO,COMPANY_NAME,SELLER_ID,SELLER_PWD,SELLER_NAME,COMPANY_NO,BUSINESS_NO,ADDRESS,EMAIL,PHONE,ACCOUNT_NO,DELETE_DATE,ENROLL_DATE,ACCEPT_DATE,REFUSE_REASON) values (71,'유다운네 야채가게','seller71','$2a$10$TzwJY6QWPUor0dgui.eDo.jrTxrTeF/SokITU2rzIE8NPjFL2F3V2','유다운','123-12-12415','1981-서울특별시-1182','서울특별시 성북구 정릉동','seller71@gmail.com','010-3630-2324','111-2222-3333-44',to_date('23/12/19','RR/MM/DD'),to_date('24/02/08','RR/MM/DD'),null,null);
Insert into FTD.SELLER (SELLER_NO,COMPANY_NAME,SELLER_ID,SELLER_PWD,SELLER_NAME,COMPANY_NO,BUSINESS_NO,ADDRESS,EMAIL,PHONE,ACCOUNT_NO,DELETE_DATE,ENROLL_DATE,ACCEPT_DATE,REFUSE_REASON) values (72,'염규교네 야채가게','seller72','$2a$10$TzwJY6QWPUor0dgui.eDo.jrTxrTeF/SokITU2rzIE8NPjFL2F3V2','염규교','123-12-12416','1982-경기도-1183','경기도 고양시 일산서구 일산동','seller72@gmail.com','010-1503-0531','111-2222-3333-44',to_date('23/12/19','RR/MM/DD'),to_date('24/02/09','RR/MM/DD'),null,null);
Insert into FTD.SELLER (SELLER_NO,COMPANY_NAME,SELLER_ID,SELLER_PWD,SELLER_NAME,COMPANY_NO,BUSINESS_NO,ADDRESS,EMAIL,PHONE,ACCOUNT_NO,DELETE_DATE,ENROLL_DATE,ACCEPT_DATE,REFUSE_REASON) values (73,'탁근향네 야채가게','seller73','$2a$10$TzwJY6QWPUor0dgui.eDo.jrTxrTeF/SokITU2rzIE8NPjFL2F3V2','탁근향','123-12-12417','1983-서울특별시-1184','서울특별시 노원구 공릉동','seller73@gmail.com','010-8520-7815','111-2222-3333-44',to_date('23/12/19','RR/MM/DD'),to_date('24/02/10','RR/MM/DD'),null,null);
Insert into FTD.SELLER (SELLER_NO,COMPANY_NAME,SELLER_ID,SELLER_PWD,SELLER_NAME,COMPANY_NO,BUSINESS_NO,ADDRESS,EMAIL,PHONE,ACCOUNT_NO,DELETE_DATE,ENROLL_DATE,ACCEPT_DATE,REFUSE_REASON) values (74,'손시휘네 야채가게','seller74','$2a$10$TzwJY6QWPUor0dgui.eDo.jrTxrTeF/SokITU2rzIE8NPjFL2F3V2','손시휘','123-12-12418','1984-서울특별시-1185','서울특별시 광진구 구의동','seller74@gmail.com','010-8774-0787','111-2222-3333-44',to_date('23/12/19','RR/MM/DD'),to_date('24/02/11','RR/MM/DD'),null,null);
Insert into FTD.SELLER (SELLER_NO,COMPANY_NAME,SELLER_ID,SELLER_PWD,SELLER_NAME,COMPANY_NO,BUSINESS_NO,ADDRESS,EMAIL,PHONE,ACCOUNT_NO,DELETE_DATE,ENROLL_DATE,ACCEPT_DATE,REFUSE_REASON) values (75,'윤정하네 야채가게','seller75','$2a$10$TzwJY6QWPUor0dgui.eDo.jrTxrTeF/SokITU2rzIE8NPjFL2F3V2','윤정하','123-12-12419','1985-서울특별시-1186','서울특별시 노원구 월계동','seller75@gmail.com','010-0862-7263','111-2222-3333-44',to_date('23/12/19','RR/MM/DD'),to_date('24/02/12','RR/MM/DD'),null,null);
Insert into FTD.SELLER (SELLER_NO,COMPANY_NAME,SELLER_ID,SELLER_PWD,SELLER_NAME,COMPANY_NO,BUSINESS_NO,ADDRESS,EMAIL,PHONE,ACCOUNT_NO,DELETE_DATE,ENROLL_DATE,ACCEPT_DATE,REFUSE_REASON) values (76,'나시은네 야채가게','seller76','$2a$10$TzwJY6QWPUor0dgui.eDo.jrTxrTeF/SokITU2rzIE8NPjFL2F3V2','나시은','123-12-12420','1986-경기도-1187','경기도 용인시 수지구 풍덕천동','seller76@gmail.com','010-5275-7385','111-2222-3333-44',to_date('23/12/19','RR/MM/DD'),to_date('24/02/13','RR/MM/DD'),null,null);
Insert into FTD.SELLER (SELLER_NO,COMPANY_NAME,SELLER_ID,SELLER_PWD,SELLER_NAME,COMPANY_NO,BUSINESS_NO,ADDRESS,EMAIL,PHONE,ACCOUNT_NO,DELETE_DATE,ENROLL_DATE,ACCEPT_DATE,REFUSE_REASON) values (77,'곽선세네 야채가게','seller77','$2a$10$TzwJY6QWPUor0dgui.eDo.jrTxrTeF/SokITU2rzIE8NPjFL2F3V2','곽선세','123-12-12421','1987-서울특별시-1188','서울특별시 도봉구 쌍문동','seller77@gmail.com','010-2574-8774','111-2222-3333-44',to_date('23/12/19','RR/MM/DD'),to_date('24/02/14','RR/MM/DD'),null,null);
Insert into FTD.SELLER (SELLER_NO,COMPANY_NAME,SELLER_ID,SELLER_PWD,SELLER_NAME,COMPANY_NO,BUSINESS_NO,ADDRESS,EMAIL,PHONE,ACCOUNT_NO,DELETE_DATE,ENROLL_DATE,ACCEPT_DATE,REFUSE_REASON) values (78,'원준완네 야채가게','seller78','$2a$10$TzwJY6QWPUor0dgui.eDo.jrTxrTeF/SokITU2rzIE8NPjFL2F3V2','원준완','123-12-12422','1988-서울특별시-1189','서울특별시 강서구 등촌동','seller78@gmail.com','010-5704-4632','111-2222-3333-44',to_date('23/12/19','RR/MM/DD'),to_date('24/02/15','RR/MM/DD'),null,null);
Insert into FTD.SELLER (SELLER_NO,COMPANY_NAME,SELLER_ID,SELLER_PWD,SELLER_NAME,COMPANY_NO,BUSINESS_NO,ADDRESS,EMAIL,PHONE,ACCOUNT_NO,DELETE_DATE,ENROLL_DATE,ACCEPT_DATE,REFUSE_REASON) values (79,'여가희네 야채가게','seller79','$2a$10$TzwJY6QWPUor0dgui.eDo.jrTxrTeF/SokITU2rzIE8NPjFL2F3V2','여가희','123-12-12423','1989-서울특별시-1190','서울특별시 도봉구 방학동','seller79@gmail.com','010-6131-8035','111-2222-3333-44',to_date('24/02/24','RR/MM/DD'),to_date('24/02/16','RR/MM/DD'),null,null);
Insert into FTD.SELLER (SELLER_NO,COMPANY_NAME,SELLER_ID,SELLER_PWD,SELLER_NAME,COMPANY_NO,BUSINESS_NO,ADDRESS,EMAIL,PHONE,ACCOUNT_NO,DELETE_DATE,ENROLL_DATE,ACCEPT_DATE,REFUSE_REASON) values (80,'손연은네 야채가게','seller80','$2a$10$TzwJY6QWPUor0dgui.eDo.jrTxrTeF/SokITU2rzIE8NPjFL2F3V2','손연은','123-12-12424','1990-경기도-1191','경기도 용인시 수지구 죽전동','seller80@gmail.com','010-7834-0465','111-2222-3333-44',to_date('23/12/19','RR/MM/DD'),to_date('24/02/17','RR/MM/DD'),null,null);
Insert into FTD.SELLER (SELLER_NO,COMPANY_NAME,SELLER_ID,SELLER_PWD,SELLER_NAME,COMPANY_NO,BUSINESS_NO,ADDRESS,EMAIL,PHONE,ACCOUNT_NO,DELETE_DATE,ENROLL_DATE,ACCEPT_DATE,REFUSE_REASON) values (81,'박정솔네 야채가게','seller81','$2a$10$TzwJY6QWPUor0dgui.eDo.jrTxrTeF/SokITU2rzIE8NPjFL2F3V2','박정솔','123-12-12425','1991-인천광역시-1192','인천광역시 계양구 작전동','seller81@gmail.com','010-8213-8472','111-2222-3333-44',to_date('23/12/19','RR/MM/DD'),to_date('24/02/18','RR/MM/DD'),null,null);
Insert into FTD.SELLER (SELLER_NO,COMPANY_NAME,SELLER_ID,SELLER_PWD,SELLER_NAME,COMPANY_NO,BUSINESS_NO,ADDRESS,EMAIL,PHONE,ACCOUNT_NO,DELETE_DATE,ENROLL_DATE,ACCEPT_DATE,REFUSE_REASON) values (82,'은교교네 야채가게','seller82','$2a$10$TzwJY6QWPUor0dgui.eDo.jrTxrTeF/SokITU2rzIE8NPjFL2F3V2','은교교','123-12-12426','1992-서울특별시-1193','서울특별시 강남구 역삼동','seller82@gmail.com','010-1168-2177','111-2222-3333-44',to_date('23/12/19','RR/MM/DD'),to_date('24/02/19','RR/MM/DD'),null,null);
Insert into FTD.SELLER (SELLER_NO,COMPANY_NAME,SELLER_ID,SELLER_PWD,SELLER_NAME,COMPANY_NO,BUSINESS_NO,ADDRESS,EMAIL,PHONE,ACCOUNT_NO,DELETE_DATE,ENROLL_DATE,ACCEPT_DATE,REFUSE_REASON) values (83,'남상이네 야채가게','seller83','$2a$10$TzwJY6QWPUor0dgui.eDo.jrTxrTeF/SokITU2rzIE8NPjFL2F3V2','남상이','123-12-12427','1993-충청남도-1194','충청남도 천안시 서북구 두정동','seller83@gmail.com','010-8485-0751','111-2222-3333-44',to_date('23/12/19','RR/MM/DD'),to_date('24/02/20','RR/MM/DD'),null,null);
Insert into FTD.SELLER (SELLER_NO,COMPANY_NAME,SELLER_ID,SELLER_PWD,SELLER_NAME,COMPANY_NO,BUSINESS_NO,ADDRESS,EMAIL,PHONE,ACCOUNT_NO,DELETE_DATE,ENROLL_DATE,ACCEPT_DATE,REFUSE_REASON) values (84,'노기송네 야채가게','seller84','$2a$10$TzwJY6QWPUor0dgui.eDo.jrTxrTeF/SokITU2rzIE8NPjFL2F3V2','노기송','123-12-12428','1994-대전광역시-1195','대전광역시 서구 둔산동','seller84@gmail.com','010-2250-3240','111-2222-3333-44',to_date('23/12/19','RR/MM/DD'),to_date('24/02/21','RR/MM/DD'),null,null);
Insert into FTD.SELLER (SELLER_NO,COMPANY_NAME,SELLER_ID,SELLER_PWD,SELLER_NAME,COMPANY_NO,BUSINESS_NO,ADDRESS,EMAIL,PHONE,ACCOUNT_NO,DELETE_DATE,ENROLL_DATE,ACCEPT_DATE,REFUSE_REASON) values (85,'남혜름네 야채가게','seller85','$2a$10$TzwJY6QWPUor0dgui.eDo.jrTxrTeF/SokITU2rzIE8NPjFL2F3V2','남혜름','123-12-12429','1995-경기도-1196','경기도 화성시 반송동','seller85@gmail.com','010-0452-5822','111-2222-3333-44',to_date('23/12/19','RR/MM/DD'),to_date('24/02/22','RR/MM/DD'),null,null);
Insert into FTD.SELLER (SELLER_NO,COMPANY_NAME,SELLER_ID,SELLER_PWD,SELLER_NAME,COMPANY_NO,BUSINESS_NO,ADDRESS,EMAIL,PHONE,ACCOUNT_NO,DELETE_DATE,ENROLL_DATE,ACCEPT_DATE,REFUSE_REASON) values (86,'석민수네 야채가게','seller86','$2a$10$TzwJY6QWPUor0dgui.eDo.jrTxrTeF/SokITU2rzIE8NPjFL2F3V2','석민수','123-12-12430','1996-경기도-1197','경기도 광명시 하안동','seller86@gmail.com','010-3087-3326','111-2222-3333-44',to_date('23/12/19','RR/MM/DD'),to_date('24/02/23','RR/MM/DD'),null,null);
Insert into FTD.SELLER (SELLER_NO,COMPANY_NAME,SELLER_ID,SELLER_PWD,SELLER_NAME,COMPANY_NO,BUSINESS_NO,ADDRESS,EMAIL,PHONE,ACCOUNT_NO,DELETE_DATE,ENROLL_DATE,ACCEPT_DATE,REFUSE_REASON) values (87,'송지현네 야채가게','seller87','$2a$10$TzwJY6QWPUor0dgui.eDo.jrTxrTeF/SokITU2rzIE8NPjFL2F3V2','송지현','123-12-12431','1997-경기도-1198','경기도 시흥시 배곧동','seller87@gmail.com','010-0545-5150','111-2222-3333-44',to_date('23/12/19','RR/MM/DD'),to_date('24/02/24','RR/MM/DD'),null,null);
Insert into FTD.SELLER (SELLER_NO,COMPANY_NAME,SELLER_ID,SELLER_PWD,SELLER_NAME,COMPANY_NO,BUSINESS_NO,ADDRESS,EMAIL,PHONE,ACCOUNT_NO,DELETE_DATE,ENROLL_DATE,ACCEPT_DATE,REFUSE_REASON) values (88,'민소완네 야채가게','seller88','$2a$10$TzwJY6QWPUor0dgui.eDo.jrTxrTeF/SokITU2rzIE8NPjFL2F3V2','민소완','123-12-12432','1998-서울특별시-1199','서울특별시 동대문구 장안동','seller88@gmail.com','010-5016-7777','111-2222-3333-44',to_date('23/12/19','RR/MM/DD'),to_date('24/02/25','RR/MM/DD'),null,null);
Insert into FTD.SELLER (SELLER_NO,COMPANY_NAME,SELLER_ID,SELLER_PWD,SELLER_NAME,COMPANY_NO,BUSINESS_NO,ADDRESS,EMAIL,PHONE,ACCOUNT_NO,DELETE_DATE,ENROLL_DATE,ACCEPT_DATE,REFUSE_REASON) values (89,'허현완네 야채가게','seller89','$2a$10$TzwJY6QWPUor0dgui.eDo.jrTxrTeF/SokITU2rzIE8NPjFL2F3V2','허현완','123-12-12433','1999-서울특별시-1200','서울특별시 강서구 방화동','seller89@gmail.com','010-6587-5420','111-2222-3333-44',to_date('23/12/19','RR/MM/DD'),to_date('24/02/26','RR/MM/DD'),null,null);
Insert into FTD.SELLER (SELLER_NO,COMPANY_NAME,SELLER_ID,SELLER_PWD,SELLER_NAME,COMPANY_NO,BUSINESS_NO,ADDRESS,EMAIL,PHONE,ACCOUNT_NO,DELETE_DATE,ENROLL_DATE,ACCEPT_DATE,REFUSE_REASON) values (90,'신송빈네 야채가게','seller90','$2a$10$TzwJY6QWPUor0dgui.eDo.jrTxrTeF/SokITU2rzIE8NPjFL2F3V2','신송빈','123-12-12434','2000-경기도-1201','경기도 의정부시 호원동','seller90@gmail.com','010-1628-7778','111-2222-3333-44',to_date('23/12/19','RR/MM/DD'),to_date('24/02/27','RR/MM/DD'),null,null);
Insert into FTD.SELLER (SELLER_NO,COMPANY_NAME,SELLER_ID,SELLER_PWD,SELLER_NAME,COMPANY_NO,BUSINESS_NO,ADDRESS,EMAIL,PHONE,ACCOUNT_NO,DELETE_DATE,ENROLL_DATE,ACCEPT_DATE,REFUSE_REASON) values (91,'유하승네 야채가게','seller91','$2a$10$TzwJY6QWPUor0dgui.eDo.jrTxrTeF/SokITU2rzIE8NPjFL2F3V2','유하승','123-12-12435','2001-부산광역시-1202','부산광역시 해운대구 반여동','seller91@gmail.com','010-8887-7738','111-2222-3333-44',to_date('23/12/19','RR/MM/DD'),to_date('24/02/28','RR/MM/DD'),null,null);
Insert into FTD.SELLER (SELLER_NO,COMPANY_NAME,SELLER_ID,SELLER_PWD,SELLER_NAME,COMPANY_NO,BUSINESS_NO,ADDRESS,EMAIL,PHONE,ACCOUNT_NO,DELETE_DATE,ENROLL_DATE,ACCEPT_DATE,REFUSE_REASON) values (92,'임정경네 야채가게','seller92','$2a$10$TzwJY6QWPUor0dgui.eDo.jrTxrTeF/SokITU2rzIE8NPjFL2F3V2','임정경','123-12-12436','2002-서울특별시-1203','서울특별시 서초구 반포동','seller92@gmail.com','010-7465-6534','111-2222-3333-44',to_date('23/12/19','RR/MM/DD'),to_date('24/02/29','RR/MM/DD'),null,null);
Insert into FTD.SELLER (SELLER_NO,COMPANY_NAME,SELLER_ID,SELLER_PWD,SELLER_NAME,COMPANY_NO,BUSINESS_NO,ADDRESS,EMAIL,PHONE,ACCOUNT_NO,DELETE_DATE,ENROLL_DATE,ACCEPT_DATE,REFUSE_REASON) values (93,'김이서네 야채가게','seller93','$2a$10$TzwJY6QWPUor0dgui.eDo.jrTxrTeF/SokITU2rzIE8NPjFL2F3V2','김이서','123-12-12437','2003-충청북도-1204','충청북도 청주시 상당구 용암동','seller93@gmail.com','010-2017-3405','111-2222-3333-44',to_date('23/12/19','RR/MM/DD'),to_date('24/03/01','RR/MM/DD'),null,null);
Insert into FTD.SELLER (SELLER_NO,COMPANY_NAME,SELLER_ID,SELLER_PWD,SELLER_NAME,COMPANY_NO,BUSINESS_NO,ADDRESS,EMAIL,PHONE,ACCOUNT_NO,DELETE_DATE,ENROLL_DATE,ACCEPT_DATE,REFUSE_REASON) values (94,'백주미네 야채가게','seller94','$2a$10$TzwJY6QWPUor0dgui.eDo.jrTxrTeF/SokITU2rzIE8NPjFL2F3V2','백주미','123-12-12438','2004-서울특별시-1205','서울특별시 중구 신당동','seller94@gmail.com','010-3338-7527','111-2222-3333-44',to_date('23/12/19','RR/MM/DD'),to_date('24/03/02','RR/MM/DD'),null,null);
Insert into FTD.SELLER (SELLER_NO,COMPANY_NAME,SELLER_ID,SELLER_PWD,SELLER_NAME,COMPANY_NO,BUSINESS_NO,ADDRESS,EMAIL,PHONE,ACCOUNT_NO,DELETE_DATE,ENROLL_DATE,ACCEPT_DATE,REFUSE_REASON) values (95,'엄해련네 야채가게','seller95','$2a$10$TzwJY6QWPUor0dgui.eDo.jrTxrTeF/SokITU2rzIE8NPjFL2F3V2','엄해련','123-12-12439','2005-충청남도-1206','충청남도 천안시 서북구 불당동','seller95@gmail.com','010-1167-7007','111-2222-3333-44',to_date('23/12/19','RR/MM/DD'),to_date('24/03/03','RR/MM/DD'),null,null);
Insert into FTD.SELLER (SELLER_NO,COMPANY_NAME,SELLER_ID,SELLER_PWD,SELLER_NAME,COMPANY_NO,BUSINESS_NO,ADDRESS,EMAIL,PHONE,ACCOUNT_NO,DELETE_DATE,ENROLL_DATE,ACCEPT_DATE,REFUSE_REASON) values (96,'염정화네 야채가게','seller96','$2a$10$TzwJY6QWPUor0dgui.eDo.jrTxrTeF/SokITU2rzIE8NPjFL2F3V2','염정화','123-12-12440','2006-경기도-1207','경기도 고양시 덕양구 화정동','seller96@gmail.com','010-1081-7625','111-2222-3333-44',to_date('23/12/19','RR/MM/DD'),to_date('24/03/04','RR/MM/DD'),null,null);
Insert into FTD.SELLER (SELLER_NO,COMPANY_NAME,SELLER_ID,SELLER_PWD,SELLER_NAME,COMPANY_NO,BUSINESS_NO,ADDRESS,EMAIL,PHONE,ACCOUNT_NO,DELETE_DATE,ENROLL_DATE,ACCEPT_DATE,REFUSE_REASON) values (97,'추소영네 야채가게','seller97','$2a$10$TzwJY6QWPUor0dgui.eDo.jrTxrTeF/SokITU2rzIE8NPjFL2F3V2','추소영','123-12-12441','2007-충청남도-1208','충청남도 천안시 서북구 쌍용동','seller97@gmail.com','010-2656-6044','111-2222-3333-44',to_date('23/12/19','RR/MM/DD'),to_date('24/03/05','RR/MM/DD'),null,null);
Insert into FTD.SELLER (SELLER_NO,COMPANY_NAME,SELLER_ID,SELLER_PWD,SELLER_NAME,COMPANY_NO,BUSINESS_NO,ADDRESS,EMAIL,PHONE,ACCOUNT_NO,DELETE_DATE,ENROLL_DATE,ACCEPT_DATE,REFUSE_REASON) values (98,'추민재네 야채가게','seller98','$2a$10$TzwJY6QWPUor0dgui.eDo.jrTxrTeF/SokITU2rzIE8NPjFL2F3V2','추민재','123-12-12442','2008-경기도-1209','경기도 광명시 광명동','seller98@gmail.com','010-7333-4402','111-2222-3333-44',to_date('23/12/19','RR/MM/DD'),to_date('24/03/06','RR/MM/DD'),null,null);
Insert into FTD.SELLER (SELLER_NO,COMPANY_NAME,SELLER_ID,SELLER_PWD,SELLER_NAME,COMPANY_NO,BUSINESS_NO,ADDRESS,EMAIL,PHONE,ACCOUNT_NO,DELETE_DATE,ENROLL_DATE,ACCEPT_DATE,REFUSE_REASON) values (99,'남여래네 야채가게','seller99','$2a$10$TzwJY6QWPUor0dgui.eDo.jrTxrTeF/SokITU2rzIE8NPjFL2F3V2','남여래','123-12-12443','2009-대구광역시-1210','대구광역시 수성구 범어동','seller99@gmail.com','010-2835-8552','111-2222-3333-44',to_date('23/12/19','RR/MM/DD'),to_date('24/03/07','RR/MM/DD'),null,null);
Insert into FTD.SELLER (SELLER_NO,COMPANY_NAME,SELLER_ID,SELLER_PWD,SELLER_NAME,COMPANY_NO,BUSINESS_NO,ADDRESS,EMAIL,PHONE,ACCOUNT_NO,DELETE_DATE,ENROLL_DATE,ACCEPT_DATE,REFUSE_REASON) values (100,'조동현네 야채가게','seller100','$2a$10$TzwJY6QWPUor0dgui.eDo.jrTxrTeF/SokITU2rzIE8NPjFL2F3V2','조동현','123-12-12444','2010-부산광역시-1211','부산광역시 수영구 광안동','seller100@gmail.com','010-0253-5866','111-2222-3333-44',to_date('24/03/11','RR/MM/DD'),to_date('24/03/08','RR/MM/DD'),null,null);
REM INSERTING into FTD.SELLER_FILE
SET DEFINE OFF;
Insert into FTD.SELLER_FILE (FILE_NO,SELLER_NO,ORIGINAL_NAME,CHANGE_NAME,CREATE_DATE,DELETE_DATE) values (1,10,'과일가게.png','resources/uploadFiles/sellerPage/d3b0ec3c-0d4f-423b-9160-8495739b4013_과일가게.png',to_date('23/12/19','RR/MM/DD'),null);
Insert into FTD.SELLER_FILE (FILE_NO,SELLER_NO,ORIGINAL_NAME,CHANGE_NAME,CREATE_DATE,DELETE_DATE) values (2,11,'채소가게.jpg','resources/uploadFiles/sellerPage/4559fe7f-bbb7-4686-82fc-074cbded8d80_채소가게.jpg',to_date('23/12/19','RR/MM/DD'),null);
Insert into FTD.SELLER_FILE (FILE_NO,SELLER_NO,ORIGINAL_NAME,CHANGE_NAME,CREATE_DATE,DELETE_DATE) values (3,12,'야채가게.jpg','resources/uploadFiles/sellerPage/a12a5cdf-bf67-4c0d-85c5-20625902c5b2_야채가게.jpg',to_date('23/12/19','RR/MM/DD'),null);
Insert into FTD.SELLER_FILE (FILE_NO,SELLER_NO,ORIGINAL_NAME,CHANGE_NAME,CREATE_DATE,DELETE_DATE) values (4,1,'apples-805124_1280.jpg','resources/uploadFiles/sellerPage/07e7bb3e-0128-4cbd-ab71-5ed63690b4af_apples-805124_1280.jpg',to_date('23/12/19','RR/MM/DD'),to_date('23/12/19','RR/MM/DD'));
Insert into FTD.SELLER_FILE (FILE_NO,SELLER_NO,ORIGINAL_NAME,CHANGE_NAME,CREATE_DATE,DELETE_DATE) values (5,1,'bananas-1119790_1280.jpg','resources/uploadFiles/sellerPage/bd7ea813-19ba-4294-9dc5-be768465ae04_bananas-1119790_1280.jpg',to_date('23/12/19','RR/MM/DD'),to_date('23/12/19','RR/MM/DD'));
Insert into FTD.SELLER_FILE (FILE_NO,SELLER_NO,ORIGINAL_NAME,CHANGE_NAME,CREATE_DATE,DELETE_DATE) values (6,1,'bananas-1119790_1280.jpg','resources/uploadFiles/sellerPage/8b65c1dd-4c17-4bc4-a1bd-b58d25b51857_bananas-1119790_1280.jpg',to_date('23/12/19','RR/MM/DD'),to_date('23/12/19','RR/MM/DD'));
Insert into FTD.SELLER_FILE (FILE_NO,SELLER_NO,ORIGINAL_NAME,CHANGE_NAME,CREATE_DATE,DELETE_DATE) values (7,20,'1.jpg','resources/uploadFiles/sellerPage/e9a24080-75b8-4407-9bdc-c2f03cc903f2_1.jpg',to_date('23/12/19','RR/MM/DD'),null);
Insert into FTD.SELLER_FILE (FILE_NO,SELLER_NO,ORIGINAL_NAME,CHANGE_NAME,CREATE_DATE,DELETE_DATE) values (8,21,'2.jpg','resources/uploadFiles/sellerPage/e61cce7b-c6cd-40d3-a93e-55be11e23a68_2.jpg',to_date('23/12/19','RR/MM/DD'),null);
Insert into FTD.SELLER_FILE (FILE_NO,SELLER_NO,ORIGINAL_NAME,CHANGE_NAME,CREATE_DATE,DELETE_DATE) values (9,22,'3.jpg','resources/uploadFiles/sellerPage/49a78834-6677-4749-a3a7-28196c2c91fa_3.jpg',to_date('23/12/19','RR/MM/DD'),null);
Insert into FTD.SELLER_FILE (FILE_NO,SELLER_NO,ORIGINAL_NAME,CHANGE_NAME,CREATE_DATE,DELETE_DATE) values (10,23,'4.jpg','resources/uploadFiles/sellerPage/b0bebd19-a3e1-4ca7-84d6-a077875e347c_4.jpg',to_date('23/12/19','RR/MM/DD'),null);
Insert into FTD.SELLER_FILE (FILE_NO,SELLER_NO,ORIGINAL_NAME,CHANGE_NAME,CREATE_DATE,DELETE_DATE) values (11,1,'bananas-1119790_1280.jpg','resources/uploadFiles/sellerPage/60eff640-bad5-4715-9b13-40946aa883f5_bananas-1119790_1280.jpg',to_date('23/12/19','RR/MM/DD'),null);
Insert into FTD.SELLER_FILE (FILE_NO,SELLER_NO,ORIGINAL_NAME,CHANGE_NAME,CREATE_DATE,DELETE_DATE) values (12,24,'5.jpg','resources/uploadFiles/sellerPage/608d374d-7e6b-4b8e-81a1-bf2b5c7ae926_5.jpg',to_date('23/12/19','RR/MM/DD'),to_date('23/12/19','RR/MM/DD'));
Insert into FTD.SELLER_FILE (FILE_NO,SELLER_NO,ORIGINAL_NAME,CHANGE_NAME,CREATE_DATE,DELETE_DATE) values (13,24,'6.png','resources/uploadFiles/sellerPage/68eb32ec-3f83-43df-90db-0ead02b961b4_6.png',to_date('23/12/19','RR/MM/DD'),null);
Insert into FTD.SELLER_FILE (FILE_NO,SELLER_NO,ORIGINAL_NAME,CHANGE_NAME,CREATE_DATE,DELETE_DATE) values (14,26,'당곡야채가게.jpg','resources/uploadFiles/sellerPage/2a7a6f17-8539-4b5e-8cca-82b9bb759f88_당곡야채가게.jpg',to_date('23/12/19','RR/MM/DD'),null);
REM INSERTING into FTD.SELL_REPLY
SET DEFINE OFF;
REM INSERTING into FTD.SUBSCRIBE
SET DEFINE OFF;
Insert into FTD.SUBSCRIBE (MEMBER_NO,SELLER_NO) values (2,10);
Insert into FTD.SUBSCRIBE (MEMBER_NO,SELLER_NO) values (2,11);
Insert into FTD.SUBSCRIBE (MEMBER_NO,SELLER_NO) values (3,11);
Insert into FTD.SUBSCRIBE (MEMBER_NO,SELLER_NO) values (2,22);
Insert into FTD.SUBSCRIBE (MEMBER_NO,SELLER_NO) values (2,1);
Insert into FTD.SUBSCRIBE (MEMBER_NO,SELLER_NO) values (3,1);
--------------------------------------------------------
--  DDL for Index PK_CART
--------------------------------------------------------

  CREATE UNIQUE INDEX "FTD"."PK_CART" ON "FTD"."CART" ("CART_NO") 
  PCTFREE 10 INITRANS 2 MAXTRANS 255 COMPUTE STATISTICS 
  STORAGE(INITIAL 65536 NEXT 1048576 MINEXTENTS 1 MAXEXTENTS 2147483645
  PCTINCREASE 0 FREELISTS 1 FREELIST GROUPS 1 BUFFER_POOL DEFAULT FLASH_CACHE DEFAULT CELL_FLASH_CACHE DEFAULT)
  TABLESPACE "SYSTEM" ;
--------------------------------------------------------
--  DDL for Index PK_GOODS
--------------------------------------------------------

  CREATE UNIQUE INDEX "FTD"."PK_GOODS" ON "FTD"."GOODS" ("GOOD_NO") 
  PCTFREE 10 INITRANS 2 MAXTRANS 255 COMPUTE STATISTICS 
  STORAGE(INITIAL 65536 NEXT 1048576 MINEXTENTS 1 MAXEXTENTS 2147483645
  PCTINCREASE 0 FREELISTS 1 FREELIST GROUPS 1 BUFFER_POOL DEFAULT FLASH_CACHE DEFAULT CELL_FLASH_CACHE DEFAULT)
  TABLESPACE "SYSTEM" ;
--------------------------------------------------------
--  DDL for Index PK_GOODS_FILE
--------------------------------------------------------

  CREATE UNIQUE INDEX "FTD"."PK_GOODS_FILE" ON "FTD"."GOODS_FILE" ("FILE_NO") 
  PCTFREE 10 INITRANS 2 MAXTRANS 255 COMPUTE STATISTICS 
  STORAGE(INITIAL 65536 NEXT 1048576 MINEXTENTS 1 MAXEXTENTS 2147483645
  PCTINCREASE 0 FREELISTS 1 FREELIST GROUPS 1 BUFFER_POOL DEFAULT FLASH_CACHE DEFAULT CELL_FLASH_CACHE DEFAULT)
  TABLESPACE "SYSTEM" ;
--------------------------------------------------------
--  DDL for Index PK_GOODS_SELL
--------------------------------------------------------

  CREATE UNIQUE INDEX "FTD"."PK_GOODS_SELL" ON "FTD"."GOODS_SELL" ("SELL_NO") 
  PCTFREE 10 INITRANS 2 MAXTRANS 255 COMPUTE STATISTICS 
  STORAGE(INITIAL 65536 NEXT 1048576 MINEXTENTS 1 MAXEXTENTS 2147483645
  PCTINCREASE 0 FREELISTS 1 FREELIST GROUPS 1 BUFFER_POOL DEFAULT FLASH_CACHE DEFAULT CELL_FLASH_CACHE DEFAULT)
  TABLESPACE "SYSTEM" ;
--------------------------------------------------------
--  DDL for Index PK_INQUIRY
--------------------------------------------------------

  CREATE UNIQUE INDEX "FTD"."PK_INQUIRY" ON "FTD"."INQUIRY" ("INQ_NO") 
  PCTFREE 10 INITRANS 2 MAXTRANS 255 COMPUTE STATISTICS 
  STORAGE(INITIAL 65536 NEXT 1048576 MINEXTENTS 1 MAXEXTENTS 2147483645
  PCTINCREASE 0 FREELISTS 1 FREELIST GROUPS 1 BUFFER_POOL DEFAULT FLASH_CACHE DEFAULT CELL_FLASH_CACHE DEFAULT)
  TABLESPACE "SYSTEM" ;
--------------------------------------------------------
--  DDL for Index PK_INQUIRY_FILE
--------------------------------------------------------

  CREATE UNIQUE INDEX "FTD"."PK_INQUIRY_FILE" ON "FTD"."INQUIRY_FILE" ("FILE_NO") 
  PCTFREE 10 INITRANS 2 MAXTRANS 255 COMPUTE STATISTICS 
  STORAGE(INITIAL 65536 NEXT 1048576 MINEXTENTS 1 MAXEXTENTS 2147483645
  PCTINCREASE 0 FREELISTS 1 FREELIST GROUPS 1 BUFFER_POOL DEFAULT FLASH_CACHE DEFAULT CELL_FLASH_CACHE DEFAULT)
  TABLESPACE "SYSTEM" ;
--------------------------------------------------------
--  DDL for Index PK_INQUIRY_REPLY
--------------------------------------------------------

  CREATE UNIQUE INDEX "FTD"."PK_INQUIRY_REPLY" ON "FTD"."INQUIRY_REPLY" ("REPLY_NO") 
  PCTFREE 10 INITRANS 2 MAXTRANS 255 COMPUTE STATISTICS 
  STORAGE(INITIAL 65536 NEXT 1048576 MINEXTENTS 1 MAXEXTENTS 2147483645
  PCTINCREASE 0 FREELISTS 1 FREELIST GROUPS 1 BUFFER_POOL DEFAULT FLASH_CACHE DEFAULT CELL_FLASH_CACHE DEFAULT)
  TABLESPACE "SYSTEM" ;
--------------------------------------------------------
--  DDL for Index PK_MEMBER
--------------------------------------------------------

  CREATE UNIQUE INDEX "FTD"."PK_MEMBER" ON "FTD"."MEMBER" ("MEMBER_NO") 
  PCTFREE 10 INITRANS 2 MAXTRANS 255 COMPUTE STATISTICS 
  STORAGE(INITIAL 65536 NEXT 1048576 MINEXTENTS 1 MAXEXTENTS 2147483645
  PCTINCREASE 0 FREELISTS 1 FREELIST GROUPS 1 BUFFER_POOL DEFAULT FLASH_CACHE DEFAULT CELL_FLASH_CACHE DEFAULT)
  TABLESPACE "SYSTEM" ;
--------------------------------------------------------
--  DDL for Index PK_NOTICE
--------------------------------------------------------

  CREATE UNIQUE INDEX "FTD"."PK_NOTICE" ON "FTD"."NOTICE" ("NOTICE_NO") 
  PCTFREE 10 INITRANS 2 MAXTRANS 255 COMPUTE STATISTICS 
  STORAGE(INITIAL 65536 NEXT 1048576 MINEXTENTS 1 MAXEXTENTS 2147483645
  PCTINCREASE 0 FREELISTS 1 FREELIST GROUPS 1 BUFFER_POOL DEFAULT FLASH_CACHE DEFAULT CELL_FLASH_CACHE DEFAULT)
  TABLESPACE "SYSTEM" ;
--------------------------------------------------------
--  DDL for Index PK_NOTICE_FILE
--------------------------------------------------------

  CREATE UNIQUE INDEX "FTD"."PK_NOTICE_FILE" ON "FTD"."NOTICE_FILE" ("FILE_NO") 
  PCTFREE 10 INITRANS 2 MAXTRANS 255 COMPUTE STATISTICS 
  STORAGE(INITIAL 65536 NEXT 1048576 MINEXTENTS 1 MAXEXTENTS 2147483645
  PCTINCREASE 0 FREELISTS 1 FREELIST GROUPS 1 BUFFER_POOL DEFAULT FLASH_CACHE DEFAULT CELL_FLASH_CACHE DEFAULT)
  TABLESPACE "SYSTEM" ;
--------------------------------------------------------
--  DDL for Index PK_ORDER
--------------------------------------------------------

  CREATE UNIQUE INDEX "FTD"."PK_ORDER" ON "FTD"."ORDER" ("ORDER_NO") 
  PCTFREE 10 INITRANS 2 MAXTRANS 255 COMPUTE STATISTICS 
  STORAGE(INITIAL 65536 NEXT 1048576 MINEXTENTS 1 MAXEXTENTS 2147483645
  PCTINCREASE 0 FREELISTS 1 FREELIST GROUPS 1 BUFFER_POOL DEFAULT FLASH_CACHE DEFAULT CELL_FLASH_CACHE DEFAULT)
  TABLESPACE "SYSTEM" ;
--------------------------------------------------------
--  DDL for Index PK_ORDER_GOODS
--------------------------------------------------------

  CREATE UNIQUE INDEX "FTD"."PK_ORDER_GOODS" ON "FTD"."ORDER_GOODS" ("ORDER_DETAIL_NO") 
  PCTFREE 10 INITRANS 2 MAXTRANS 255 COMPUTE STATISTICS 
  STORAGE(INITIAL 65536 NEXT 1048576 MINEXTENTS 1 MAXEXTENTS 2147483645
  PCTINCREASE 0 FREELISTS 1 FREELIST GROUPS 1 BUFFER_POOL DEFAULT FLASH_CACHE DEFAULT CELL_FLASH_CACHE DEFAULT)
  TABLESPACE "SYSTEM" ;
--------------------------------------------------------
--  DDL for Index PK_PROMOTION
--------------------------------------------------------

  CREATE UNIQUE INDEX "FTD"."PK_PROMOTION" ON "FTD"."PROMOTION" ("PROMOTION_NO") 
  PCTFREE 10 INITRANS 2 MAXTRANS 255 COMPUTE STATISTICS 
  STORAGE(INITIAL 65536 NEXT 1048576 MINEXTENTS 1 MAXEXTENTS 2147483645
  PCTINCREASE 0 FREELISTS 1 FREELIST GROUPS 1 BUFFER_POOL DEFAULT FLASH_CACHE DEFAULT CELL_FLASH_CACHE DEFAULT)
  TABLESPACE "SYSTEM" ;
--------------------------------------------------------
--  DDL for Index PK_PROMOTION_FILE
--------------------------------------------------------

  CREATE UNIQUE INDEX "FTD"."PK_PROMOTION_FILE" ON "FTD"."PROMOTION_FILE" ("FILE_NO") 
  PCTFREE 10 INITRANS 2 MAXTRANS 255 COMPUTE STATISTICS 
  STORAGE(INITIAL 65536 NEXT 1048576 MINEXTENTS 1 MAXEXTENTS 2147483645
  PCTINCREASE 0 FREELISTS 1 FREELIST GROUPS 1 BUFFER_POOL DEFAULT FLASH_CACHE DEFAULT CELL_FLASH_CACHE DEFAULT)
  TABLESPACE "SYSTEM" ;
--------------------------------------------------------
--  DDL for Index PK_PROMOTION_REPLY
--------------------------------------------------------

  CREATE UNIQUE INDEX "FTD"."PK_PROMOTION_REPLY" ON "FTD"."PROMOTION_REPLY" ("REPLY_NO") 
  PCTFREE 10 INITRANS 2 MAXTRANS 255 COMPUTE STATISTICS 
  STORAGE(INITIAL 65536 NEXT 1048576 MINEXTENTS 1 MAXEXTENTS 2147483645
  PCTINCREASE 0 FREELISTS 1 FREELIST GROUPS 1 BUFFER_POOL DEFAULT FLASH_CACHE DEFAULT CELL_FLASH_CACHE DEFAULT)
  TABLESPACE "SYSTEM" ;
--------------------------------------------------------
--  DDL for Index PK_REVIEW
--------------------------------------------------------

  CREATE UNIQUE INDEX "FTD"."PK_REVIEW" ON "FTD"."REVIEW" ("REV_NO") 
  PCTFREE 10 INITRANS 2 MAXTRANS 255 COMPUTE STATISTICS 
  STORAGE(INITIAL 65536 NEXT 1048576 MINEXTENTS 1 MAXEXTENTS 2147483645
  PCTINCREASE 0 FREELISTS 1 FREELIST GROUPS 1 BUFFER_POOL DEFAULT FLASH_CACHE DEFAULT CELL_FLASH_CACHE DEFAULT)
  TABLESPACE "SYSTEM" ;
--------------------------------------------------------
--  DDL for Index PK_REVIEW_FILE
--------------------------------------------------------

  CREATE UNIQUE INDEX "FTD"."PK_REVIEW_FILE" ON "FTD"."REVIEW_FILE" ("FILE_NO") 
  PCTFREE 10 INITRANS 2 MAXTRANS 255 COMPUTE STATISTICS 
  STORAGE(INITIAL 65536 NEXT 1048576 MINEXTENTS 1 MAXEXTENTS 2147483645
  PCTINCREASE 0 FREELISTS 1 FREELIST GROUPS 1 BUFFER_POOL DEFAULT FLASH_CACHE DEFAULT CELL_FLASH_CACHE DEFAULT)
  TABLESPACE "SYSTEM" ;
--------------------------------------------------------
--  DDL for Index PK_REVIEW_REPLY
--------------------------------------------------------

  CREATE UNIQUE INDEX "FTD"."PK_REVIEW_REPLY" ON "FTD"."REVIEW_REPLY" ("REPLY_NO") 
  PCTFREE 10 INITRANS 2 MAXTRANS 255 COMPUTE STATISTICS 
  STORAGE(INITIAL 65536 NEXT 1048576 MINEXTENTS 1 MAXEXTENTS 2147483645
  PCTINCREASE 0 FREELISTS 1 FREELIST GROUPS 1 BUFFER_POOL DEFAULT FLASH_CACHE DEFAULT CELL_FLASH_CACHE DEFAULT)
  TABLESPACE "SYSTEM" ;
--------------------------------------------------------
--  DDL for Index PK_SELLER
--------------------------------------------------------

  CREATE UNIQUE INDEX "FTD"."PK_SELLER" ON "FTD"."SELLER" ("SELLER_NO") 
  PCTFREE 10 INITRANS 2 MAXTRANS 255 COMPUTE STATISTICS 
  STORAGE(INITIAL 65536 NEXT 1048576 MINEXTENTS 1 MAXEXTENTS 2147483645
  PCTINCREASE 0 FREELISTS 1 FREELIST GROUPS 1 BUFFER_POOL DEFAULT FLASH_CACHE DEFAULT CELL_FLASH_CACHE DEFAULT)
  TABLESPACE "SYSTEM" ;
--------------------------------------------------------
--  DDL for Index PK_SELLER_FILE
--------------------------------------------------------

  CREATE UNIQUE INDEX "FTD"."PK_SELLER_FILE" ON "FTD"."SELLER_FILE" ("FILE_NO") 
  PCTFREE 10 INITRANS 2 MAXTRANS 255 COMPUTE STATISTICS 
  STORAGE(INITIAL 65536 NEXT 1048576 MINEXTENTS 1 MAXEXTENTS 2147483645
  PCTINCREASE 0 FREELISTS 1 FREELIST GROUPS 1 BUFFER_POOL DEFAULT FLASH_CACHE DEFAULT CELL_FLASH_CACHE DEFAULT)
  TABLESPACE "SYSTEM" ;
--------------------------------------------------------
--  DDL for Index PK_SELL_REPLY
--------------------------------------------------------

  CREATE UNIQUE INDEX "FTD"."PK_SELL_REPLY" ON "FTD"."SELL_REPLY" ("REPLY_NO") 
  PCTFREE 10 INITRANS 2 MAXTRANS 255 COMPUTE STATISTICS 
  STORAGE(INITIAL 65536 NEXT 1048576 MINEXTENTS 1 MAXEXTENTS 2147483645
  PCTINCREASE 0 FREELISTS 1 FREELIST GROUPS 1 BUFFER_POOL DEFAULT FLASH_CACHE DEFAULT CELL_FLASH_CACHE DEFAULT)
  TABLESPACE "SYSTEM" ;
--------------------------------------------------------
--  DDL for Index SYS_C0012088
--------------------------------------------------------

  CREATE UNIQUE INDEX "FTD"."SYS_C0012088" ON "FTD"."MEMBER" ("MEMBER_ID") 
  PCTFREE 10 INITRANS 2 MAXTRANS 255 
  STORAGE(INITIAL 65536 NEXT 1048576 MINEXTENTS 1 MAXEXTENTS 2147483645
  PCTINCREASE 0 FREELISTS 1 FREELIST GROUPS 1 BUFFER_POOL DEFAULT FLASH_CACHE DEFAULT CELL_FLASH_CACHE DEFAULT)
  TABLESPACE "SYSTEM" ;
--------------------------------------------------------
--  DDL for Index PK_CART
--------------------------------------------------------

  CREATE UNIQUE INDEX "FTD"."PK_CART" ON "FTD"."CART" ("CART_NO") 
  PCTFREE 10 INITRANS 2 MAXTRANS 255 COMPUTE STATISTICS 
  STORAGE(INITIAL 65536 NEXT 1048576 MINEXTENTS 1 MAXEXTENTS 2147483645
  PCTINCREASE 0 FREELISTS 1 FREELIST GROUPS 1 BUFFER_POOL DEFAULT FLASH_CACHE DEFAULT CELL_FLASH_CACHE DEFAULT)
  TABLESPACE "SYSTEM" ;
--------------------------------------------------------
--  DDL for Index PK_GOODS
--------------------------------------------------------

  CREATE UNIQUE INDEX "FTD"."PK_GOODS" ON "FTD"."GOODS" ("GOOD_NO") 
  PCTFREE 10 INITRANS 2 MAXTRANS 255 COMPUTE STATISTICS 
  STORAGE(INITIAL 65536 NEXT 1048576 MINEXTENTS 1 MAXEXTENTS 2147483645
  PCTINCREASE 0 FREELISTS 1 FREELIST GROUPS 1 BUFFER_POOL DEFAULT FLASH_CACHE DEFAULT CELL_FLASH_CACHE DEFAULT)
  TABLESPACE "SYSTEM" ;
--------------------------------------------------------
--  DDL for Index PK_GOODS_FILE
--------------------------------------------------------

  CREATE UNIQUE INDEX "FTD"."PK_GOODS_FILE" ON "FTD"."GOODS_FILE" ("FILE_NO") 
  PCTFREE 10 INITRANS 2 MAXTRANS 255 COMPUTE STATISTICS 
  STORAGE(INITIAL 65536 NEXT 1048576 MINEXTENTS 1 MAXEXTENTS 2147483645
  PCTINCREASE 0 FREELISTS 1 FREELIST GROUPS 1 BUFFER_POOL DEFAULT FLASH_CACHE DEFAULT CELL_FLASH_CACHE DEFAULT)
  TABLESPACE "SYSTEM" ;
--------------------------------------------------------
--  DDL for Index PK_GOODS_SELL
--------------------------------------------------------

  CREATE UNIQUE INDEX "FTD"."PK_GOODS_SELL" ON "FTD"."GOODS_SELL" ("SELL_NO") 
  PCTFREE 10 INITRANS 2 MAXTRANS 255 COMPUTE STATISTICS 
  STORAGE(INITIAL 65536 NEXT 1048576 MINEXTENTS 1 MAXEXTENTS 2147483645
  PCTINCREASE 0 FREELISTS 1 FREELIST GROUPS 1 BUFFER_POOL DEFAULT FLASH_CACHE DEFAULT CELL_FLASH_CACHE DEFAULT)
  TABLESPACE "SYSTEM" ;
--------------------------------------------------------
--  DDL for Index PK_INQUIRY
--------------------------------------------------------

  CREATE UNIQUE INDEX "FTD"."PK_INQUIRY" ON "FTD"."INQUIRY" ("INQ_NO") 
  PCTFREE 10 INITRANS 2 MAXTRANS 255 COMPUTE STATISTICS 
  STORAGE(INITIAL 65536 NEXT 1048576 MINEXTENTS 1 MAXEXTENTS 2147483645
  PCTINCREASE 0 FREELISTS 1 FREELIST GROUPS 1 BUFFER_POOL DEFAULT FLASH_CACHE DEFAULT CELL_FLASH_CACHE DEFAULT)
  TABLESPACE "SYSTEM" ;
--------------------------------------------------------
--  DDL for Index PK_INQUIRY_FILE
--------------------------------------------------------

  CREATE UNIQUE INDEX "FTD"."PK_INQUIRY_FILE" ON "FTD"."INQUIRY_FILE" ("FILE_NO") 
  PCTFREE 10 INITRANS 2 MAXTRANS 255 COMPUTE STATISTICS 
  STORAGE(INITIAL 65536 NEXT 1048576 MINEXTENTS 1 MAXEXTENTS 2147483645
  PCTINCREASE 0 FREELISTS 1 FREELIST GROUPS 1 BUFFER_POOL DEFAULT FLASH_CACHE DEFAULT CELL_FLASH_CACHE DEFAULT)
  TABLESPACE "SYSTEM" ;
--------------------------------------------------------
--  DDL for Index PK_INQUIRY_REPLY
--------------------------------------------------------

  CREATE UNIQUE INDEX "FTD"."PK_INQUIRY_REPLY" ON "FTD"."INQUIRY_REPLY" ("REPLY_NO") 
  PCTFREE 10 INITRANS 2 MAXTRANS 255 COMPUTE STATISTICS 
  STORAGE(INITIAL 65536 NEXT 1048576 MINEXTENTS 1 MAXEXTENTS 2147483645
  PCTINCREASE 0 FREELISTS 1 FREELIST GROUPS 1 BUFFER_POOL DEFAULT FLASH_CACHE DEFAULT CELL_FLASH_CACHE DEFAULT)
  TABLESPACE "SYSTEM" ;
--------------------------------------------------------
--  DDL for Index SYS_C0012088
--------------------------------------------------------

  CREATE UNIQUE INDEX "FTD"."SYS_C0012088" ON "FTD"."MEMBER" ("MEMBER_ID") 
  PCTFREE 10 INITRANS 2 MAXTRANS 255 
  STORAGE(INITIAL 65536 NEXT 1048576 MINEXTENTS 1 MAXEXTENTS 2147483645
  PCTINCREASE 0 FREELISTS 1 FREELIST GROUPS 1 BUFFER_POOL DEFAULT FLASH_CACHE DEFAULT CELL_FLASH_CACHE DEFAULT)
  TABLESPACE "SYSTEM" ;
--------------------------------------------------------
--  DDL for Index PK_MEMBER
--------------------------------------------------------

  CREATE UNIQUE INDEX "FTD"."PK_MEMBER" ON "FTD"."MEMBER" ("MEMBER_NO") 
  PCTFREE 10 INITRANS 2 MAXTRANS 255 COMPUTE STATISTICS 
  STORAGE(INITIAL 65536 NEXT 1048576 MINEXTENTS 1 MAXEXTENTS 2147483645
  PCTINCREASE 0 FREELISTS 1 FREELIST GROUPS 1 BUFFER_POOL DEFAULT FLASH_CACHE DEFAULT CELL_FLASH_CACHE DEFAULT)
  TABLESPACE "SYSTEM" ;
--------------------------------------------------------
--  DDL for Index PK_NOTICE
--------------------------------------------------------

  CREATE UNIQUE INDEX "FTD"."PK_NOTICE" ON "FTD"."NOTICE" ("NOTICE_NO") 
  PCTFREE 10 INITRANS 2 MAXTRANS 255 COMPUTE STATISTICS 
  STORAGE(INITIAL 65536 NEXT 1048576 MINEXTENTS 1 MAXEXTENTS 2147483645
  PCTINCREASE 0 FREELISTS 1 FREELIST GROUPS 1 BUFFER_POOL DEFAULT FLASH_CACHE DEFAULT CELL_FLASH_CACHE DEFAULT)
  TABLESPACE "SYSTEM" ;
--------------------------------------------------------
--  DDL for Index PK_NOTICE_FILE
--------------------------------------------------------

  CREATE UNIQUE INDEX "FTD"."PK_NOTICE_FILE" ON "FTD"."NOTICE_FILE" ("FILE_NO") 
  PCTFREE 10 INITRANS 2 MAXTRANS 255 COMPUTE STATISTICS 
  STORAGE(INITIAL 65536 NEXT 1048576 MINEXTENTS 1 MAXEXTENTS 2147483645
  PCTINCREASE 0 FREELISTS 1 FREELIST GROUPS 1 BUFFER_POOL DEFAULT FLASH_CACHE DEFAULT CELL_FLASH_CACHE DEFAULT)
  TABLESPACE "SYSTEM" ;
--------------------------------------------------------
--  DDL for Index PK_ORDER
--------------------------------------------------------

  CREATE UNIQUE INDEX "FTD"."PK_ORDER" ON "FTD"."ORDER" ("ORDER_NO") 
  PCTFREE 10 INITRANS 2 MAXTRANS 255 COMPUTE STATISTICS 
  STORAGE(INITIAL 65536 NEXT 1048576 MINEXTENTS 1 MAXEXTENTS 2147483645
  PCTINCREASE 0 FREELISTS 1 FREELIST GROUPS 1 BUFFER_POOL DEFAULT FLASH_CACHE DEFAULT CELL_FLASH_CACHE DEFAULT)
  TABLESPACE "SYSTEM" ;
--------------------------------------------------------
--  DDL for Index PK_ORDER_GOODS
--------------------------------------------------------

  CREATE UNIQUE INDEX "FTD"."PK_ORDER_GOODS" ON "FTD"."ORDER_GOODS" ("ORDER_DETAIL_NO") 
  PCTFREE 10 INITRANS 2 MAXTRANS 255 COMPUTE STATISTICS 
  STORAGE(INITIAL 65536 NEXT 1048576 MINEXTENTS 1 MAXEXTENTS 2147483645
  PCTINCREASE 0 FREELISTS 1 FREELIST GROUPS 1 BUFFER_POOL DEFAULT FLASH_CACHE DEFAULT CELL_FLASH_CACHE DEFAULT)
  TABLESPACE "SYSTEM" ;
--------------------------------------------------------
--  DDL for Index PK_PROMOTION
--------------------------------------------------------

  CREATE UNIQUE INDEX "FTD"."PK_PROMOTION" ON "FTD"."PROMOTION" ("PROMOTION_NO") 
  PCTFREE 10 INITRANS 2 MAXTRANS 255 COMPUTE STATISTICS 
  STORAGE(INITIAL 65536 NEXT 1048576 MINEXTENTS 1 MAXEXTENTS 2147483645
  PCTINCREASE 0 FREELISTS 1 FREELIST GROUPS 1 BUFFER_POOL DEFAULT FLASH_CACHE DEFAULT CELL_FLASH_CACHE DEFAULT)
  TABLESPACE "SYSTEM" ;
--------------------------------------------------------
--  DDL for Index PK_PROMOTION_FILE
--------------------------------------------------------

  CREATE UNIQUE INDEX "FTD"."PK_PROMOTION_FILE" ON "FTD"."PROMOTION_FILE" ("FILE_NO") 
  PCTFREE 10 INITRANS 2 MAXTRANS 255 COMPUTE STATISTICS 
  STORAGE(INITIAL 65536 NEXT 1048576 MINEXTENTS 1 MAXEXTENTS 2147483645
  PCTINCREASE 0 FREELISTS 1 FREELIST GROUPS 1 BUFFER_POOL DEFAULT FLASH_CACHE DEFAULT CELL_FLASH_CACHE DEFAULT)
  TABLESPACE "SYSTEM" ;
--------------------------------------------------------
--  DDL for Index PK_PROMOTION_REPLY
--------------------------------------------------------

  CREATE UNIQUE INDEX "FTD"."PK_PROMOTION_REPLY" ON "FTD"."PROMOTION_REPLY" ("REPLY_NO") 
  PCTFREE 10 INITRANS 2 MAXTRANS 255 COMPUTE STATISTICS 
  STORAGE(INITIAL 65536 NEXT 1048576 MINEXTENTS 1 MAXEXTENTS 2147483645
  PCTINCREASE 0 FREELISTS 1 FREELIST GROUPS 1 BUFFER_POOL DEFAULT FLASH_CACHE DEFAULT CELL_FLASH_CACHE DEFAULT)
  TABLESPACE "SYSTEM" ;
--------------------------------------------------------
--  DDL for Index PK_REVIEW
--------------------------------------------------------

  CREATE UNIQUE INDEX "FTD"."PK_REVIEW" ON "FTD"."REVIEW" ("REV_NO") 
  PCTFREE 10 INITRANS 2 MAXTRANS 255 COMPUTE STATISTICS 
  STORAGE(INITIAL 65536 NEXT 1048576 MINEXTENTS 1 MAXEXTENTS 2147483645
  PCTINCREASE 0 FREELISTS 1 FREELIST GROUPS 1 BUFFER_POOL DEFAULT FLASH_CACHE DEFAULT CELL_FLASH_CACHE DEFAULT)
  TABLESPACE "SYSTEM" ;
--------------------------------------------------------
--  DDL for Index PK_REVIEW_FILE
--------------------------------------------------------

  CREATE UNIQUE INDEX "FTD"."PK_REVIEW_FILE" ON "FTD"."REVIEW_FILE" ("FILE_NO") 
  PCTFREE 10 INITRANS 2 MAXTRANS 255 COMPUTE STATISTICS 
  STORAGE(INITIAL 65536 NEXT 1048576 MINEXTENTS 1 MAXEXTENTS 2147483645
  PCTINCREASE 0 FREELISTS 1 FREELIST GROUPS 1 BUFFER_POOL DEFAULT FLASH_CACHE DEFAULT CELL_FLASH_CACHE DEFAULT)
  TABLESPACE "SYSTEM" ;
--------------------------------------------------------
--  DDL for Index PK_REVIEW_REPLY
--------------------------------------------------------

  CREATE UNIQUE INDEX "FTD"."PK_REVIEW_REPLY" ON "FTD"."REVIEW_REPLY" ("REPLY_NO") 
  PCTFREE 10 INITRANS 2 MAXTRANS 255 COMPUTE STATISTICS 
  STORAGE(INITIAL 65536 NEXT 1048576 MINEXTENTS 1 MAXEXTENTS 2147483645
  PCTINCREASE 0 FREELISTS 1 FREELIST GROUPS 1 BUFFER_POOL DEFAULT FLASH_CACHE DEFAULT CELL_FLASH_CACHE DEFAULT)
  TABLESPACE "SYSTEM" ;
--------------------------------------------------------
--  DDL for Index PK_SELLER
--------------------------------------------------------

  CREATE UNIQUE INDEX "FTD"."PK_SELLER" ON "FTD"."SELLER" ("SELLER_NO") 
  PCTFREE 10 INITRANS 2 MAXTRANS 255 COMPUTE STATISTICS 
  STORAGE(INITIAL 65536 NEXT 1048576 MINEXTENTS 1 MAXEXTENTS 2147483645
  PCTINCREASE 0 FREELISTS 1 FREELIST GROUPS 1 BUFFER_POOL DEFAULT FLASH_CACHE DEFAULT CELL_FLASH_CACHE DEFAULT)
  TABLESPACE "SYSTEM" ;
--------------------------------------------------------
--  DDL for Index PK_SELLER_FILE
--------------------------------------------------------

  CREATE UNIQUE INDEX "FTD"."PK_SELLER_FILE" ON "FTD"."SELLER_FILE" ("FILE_NO") 
  PCTFREE 10 INITRANS 2 MAXTRANS 255 COMPUTE STATISTICS 
  STORAGE(INITIAL 65536 NEXT 1048576 MINEXTENTS 1 MAXEXTENTS 2147483645
  PCTINCREASE 0 FREELISTS 1 FREELIST GROUPS 1 BUFFER_POOL DEFAULT FLASH_CACHE DEFAULT CELL_FLASH_CACHE DEFAULT)
  TABLESPACE "SYSTEM" ;
--------------------------------------------------------
--  DDL for Index PK_SELL_REPLY
--------------------------------------------------------

  CREATE UNIQUE INDEX "FTD"."PK_SELL_REPLY" ON "FTD"."SELL_REPLY" ("REPLY_NO") 
  PCTFREE 10 INITRANS 2 MAXTRANS 255 COMPUTE STATISTICS 
  STORAGE(INITIAL 65536 NEXT 1048576 MINEXTENTS 1 MAXEXTENTS 2147483645
  PCTINCREASE 0 FREELISTS 1 FREELIST GROUPS 1 BUFFER_POOL DEFAULT FLASH_CACHE DEFAULT CELL_FLASH_CACHE DEFAULT)
  TABLESPACE "SYSTEM" ;
--------------------------------------------------------
--  Constraints for Table CART
--------------------------------------------------------

  ALTER TABLE "FTD"."CART" ADD CONSTRAINT "PK_CART" PRIMARY KEY ("CART_NO")
  USING INDEX PCTFREE 10 INITRANS 2 MAXTRANS 255 COMPUTE STATISTICS 
  STORAGE(INITIAL 65536 NEXT 1048576 MINEXTENTS 1 MAXEXTENTS 2147483645
  PCTINCREASE 0 FREELISTS 1 FREELIST GROUPS 1 BUFFER_POOL DEFAULT FLASH_CACHE DEFAULT CELL_FLASH_CACHE DEFAULT)
  TABLESPACE "SYSTEM"  ENABLE;
  ALTER TABLE "FTD"."CART" MODIFY ("STATUS" NOT NULL ENABLE);
  ALTER TABLE "FTD"."CART" MODIFY ("COUNT" NOT NULL ENABLE);
  ALTER TABLE "FTD"."CART" MODIFY ("GOOD_NO" NOT NULL ENABLE);
  ALTER TABLE "FTD"."CART" MODIFY ("MEMBER_NO" NOT NULL ENABLE);
  ALTER TABLE "FTD"."CART" MODIFY ("CART_NO" NOT NULL ENABLE);
--------------------------------------------------------
--  Constraints for Table GOODS
--------------------------------------------------------

  ALTER TABLE "FTD"."GOODS" ADD CONSTRAINT "PK_GOODS" PRIMARY KEY ("GOOD_NO")
  USING INDEX PCTFREE 10 INITRANS 2 MAXTRANS 255 COMPUTE STATISTICS 
  STORAGE(INITIAL 65536 NEXT 1048576 MINEXTENTS 1 MAXEXTENTS 2147483645
  PCTINCREASE 0 FREELISTS 1 FREELIST GROUPS 1 BUFFER_POOL DEFAULT FLASH_CACHE DEFAULT CELL_FLASH_CACHE DEFAULT)
  TABLESPACE "SYSTEM"  ENABLE;
  ALTER TABLE "FTD"."GOODS" MODIFY ("EXPIRATION_DATE" NOT NULL ENABLE);
  ALTER TABLE "FTD"."GOODS" MODIFY ("CREATE_DATE" NOT NULL ENABLE);
  ALTER TABLE "FTD"."GOODS" MODIFY ("PRICE" NOT NULL ENABLE);
  ALTER TABLE "FTD"."GOODS" MODIFY ("ORIGIN" NOT NULL ENABLE);
  ALTER TABLE "FTD"."GOODS" MODIFY ("GOOD_TITLE" NOT NULL ENABLE);
  ALTER TABLE "FTD"."GOODS" MODIFY ("SELLER_NO" NOT NULL ENABLE);
  ALTER TABLE "FTD"."GOODS" MODIFY ("GOOD_NO" NOT NULL ENABLE);
--------------------------------------------------------
--  Constraints for Table GOODS_FILE
--------------------------------------------------------

  ALTER TABLE "FTD"."GOODS_FILE" ADD CONSTRAINT "PK_GOODS_FILE" PRIMARY KEY ("FILE_NO")
  USING INDEX PCTFREE 10 INITRANS 2 MAXTRANS 255 COMPUTE STATISTICS 
  STORAGE(INITIAL 65536 NEXT 1048576 MINEXTENTS 1 MAXEXTENTS 2147483645
  PCTINCREASE 0 FREELISTS 1 FREELIST GROUPS 1 BUFFER_POOL DEFAULT FLASH_CACHE DEFAULT CELL_FLASH_CACHE DEFAULT)
  TABLESPACE "SYSTEM"  ENABLE;
  ALTER TABLE "FTD"."GOODS_FILE" MODIFY ("CHANGE_NAME" NOT NULL ENABLE);
  ALTER TABLE "FTD"."GOODS_FILE" MODIFY ("ORIGINAL_NAME" NOT NULL ENABLE);
  ALTER TABLE "FTD"."GOODS_FILE" MODIFY ("SELL_NO" NOT NULL ENABLE);
  ALTER TABLE "FTD"."GOODS_FILE" MODIFY ("FILE_NO" NOT NULL ENABLE);
--------------------------------------------------------
--  Constraints for Table GOODS_SELL
--------------------------------------------------------

  ALTER TABLE "FTD"."GOODS_SELL" ADD CONSTRAINT "PK_GOODS_SELL" PRIMARY KEY ("SELL_NO")
  USING INDEX PCTFREE 10 INITRANS 2 MAXTRANS 255 COMPUTE STATISTICS 
  STORAGE(INITIAL 65536 NEXT 1048576 MINEXTENTS 1 MAXEXTENTS 2147483645
  PCTINCREASE 0 FREELISTS 1 FREELIST GROUPS 1 BUFFER_POOL DEFAULT FLASH_CACHE DEFAULT CELL_FLASH_CACHE DEFAULT)
  TABLESPACE "SYSTEM"  ENABLE;
  ALTER TABLE "FTD"."GOODS_SELL" MODIFY ("CREATE_DATE" NOT NULL ENABLE);
  ALTER TABLE "FTD"."GOODS_SELL" MODIFY ("COUNT" NOT NULL ENABLE);
  ALTER TABLE "FTD"."GOODS_SELL" MODIFY ("SELL_CONTENT" NOT NULL ENABLE);
  ALTER TABLE "FTD"."GOODS_SELL" MODIFY ("SELL_TITLE" NOT NULL ENABLE);
  ALTER TABLE "FTD"."GOODS_SELL" MODIFY ("GOOD_NO" NOT NULL ENABLE);
  ALTER TABLE "FTD"."GOODS_SELL" MODIFY ("SELLER_NO" NOT NULL ENABLE);
  ALTER TABLE "FTD"."GOODS_SELL" MODIFY ("SELL_NO" NOT NULL ENABLE);
--------------------------------------------------------
--  Constraints for Table INQUIRY
--------------------------------------------------------

  ALTER TABLE "FTD"."INQUIRY" ADD CONSTRAINT "PK_INQUIRY" PRIMARY KEY ("INQ_NO")
  USING INDEX PCTFREE 10 INITRANS 2 MAXTRANS 255 COMPUTE STATISTICS 
  STORAGE(INITIAL 65536 NEXT 1048576 MINEXTENTS 1 MAXEXTENTS 2147483645
  PCTINCREASE 0 FREELISTS 1 FREELIST GROUPS 1 BUFFER_POOL DEFAULT FLASH_CACHE DEFAULT CELL_FLASH_CACHE DEFAULT)
  TABLESPACE "SYSTEM"  ENABLE;
  ALTER TABLE "FTD"."INQUIRY" MODIFY ("CREATE_DATE" NOT NULL ENABLE);
  ALTER TABLE "FTD"."INQUIRY" MODIFY ("COUNT" NOT NULL ENABLE);
  ALTER TABLE "FTD"."INQUIRY" MODIFY ("INQ_CONTENT" NOT NULL ENABLE);
  ALTER TABLE "FTD"."INQUIRY" MODIFY ("INQ_TITLE" NOT NULL ENABLE);
  ALTER TABLE "FTD"."INQUIRY" MODIFY ("MEMBER_NO" NOT NULL ENABLE);
  ALTER TABLE "FTD"."INQUIRY" MODIFY ("SELLER_NO" NOT NULL ENABLE);
  ALTER TABLE "FTD"."INQUIRY" MODIFY ("INQ_NO" NOT NULL ENABLE);
--------------------------------------------------------
--  Constraints for Table INQUIRY_FILE
--------------------------------------------------------

  ALTER TABLE "FTD"."INQUIRY_FILE" ADD CONSTRAINT "PK_INQUIRY_FILE" PRIMARY KEY ("FILE_NO")
  USING INDEX PCTFREE 10 INITRANS 2 MAXTRANS 255 COMPUTE STATISTICS 
  STORAGE(INITIAL 65536 NEXT 1048576 MINEXTENTS 1 MAXEXTENTS 2147483645
  PCTINCREASE 0 FREELISTS 1 FREELIST GROUPS 1 BUFFER_POOL DEFAULT FLASH_CACHE DEFAULT CELL_FLASH_CACHE DEFAULT)
  TABLESPACE "SYSTEM"  ENABLE;
  ALTER TABLE "FTD"."INQUIRY_FILE" MODIFY ("CREATE_DATE" NOT NULL ENABLE);
  ALTER TABLE "FTD"."INQUIRY_FILE" MODIFY ("CHANGE_NAME" NOT NULL ENABLE);
  ALTER TABLE "FTD"."INQUIRY_FILE" MODIFY ("ORIGIN_NAME" NOT NULL ENABLE);
  ALTER TABLE "FTD"."INQUIRY_FILE" MODIFY ("INQ_NO" NOT NULL ENABLE);
  ALTER TABLE "FTD"."INQUIRY_FILE" MODIFY ("FILE_NO" NOT NULL ENABLE);
--------------------------------------------------------
--  Constraints for Table INQUIRY_REPLY
--------------------------------------------------------

  ALTER TABLE "FTD"."INQUIRY_REPLY" ADD CONSTRAINT "PK_INQUIRY_REPLY" PRIMARY KEY ("REPLY_NO")
  USING INDEX PCTFREE 10 INITRANS 2 MAXTRANS 255 COMPUTE STATISTICS 
  STORAGE(INITIAL 65536 NEXT 1048576 MINEXTENTS 1 MAXEXTENTS 2147483645
  PCTINCREASE 0 FREELISTS 1 FREELIST GROUPS 1 BUFFER_POOL DEFAULT FLASH_CACHE DEFAULT CELL_FLASH_CACHE DEFAULT)
  TABLESPACE "SYSTEM"  ENABLE;
  ALTER TABLE "FTD"."INQUIRY_REPLY" MODIFY ("CREATE_DATE" NOT NULL ENABLE);
  ALTER TABLE "FTD"."INQUIRY_REPLY" MODIFY ("REPLY_CONTENT" NOT NULL ENABLE);
  ALTER TABLE "FTD"."INQUIRY_REPLY" MODIFY ("MEMBER_NO" NOT NULL ENABLE);
  ALTER TABLE "FTD"."INQUIRY_REPLY" MODIFY ("INQ_NO" NOT NULL ENABLE);
  ALTER TABLE "FTD"."INQUIRY_REPLY" MODIFY ("REPLY_NO" NOT NULL ENABLE);
--------------------------------------------------------
--  Constraints for Table LIKE
--------------------------------------------------------

  ALTER TABLE "FTD"."LIKE" MODIFY ("GOOD_NO" NOT NULL ENABLE);
  ALTER TABLE "FTD"."LIKE" MODIFY ("MEMBER_NO" NOT NULL ENABLE);
--------------------------------------------------------
--  Constraints for Table MEMBER
--------------------------------------------------------

  ALTER TABLE "FTD"."MEMBER" ADD CONSTRAINT "PK_MEMBER" PRIMARY KEY ("MEMBER_NO")
  USING INDEX PCTFREE 10 INITRANS 2 MAXTRANS 255 COMPUTE STATISTICS 
  STORAGE(INITIAL 65536 NEXT 1048576 MINEXTENTS 1 MAXEXTENTS 2147483645
  PCTINCREASE 0 FREELISTS 1 FREELIST GROUPS 1 BUFFER_POOL DEFAULT FLASH_CACHE DEFAULT CELL_FLASH_CACHE DEFAULT)
  TABLESPACE "SYSTEM"  ENABLE;
  ALTER TABLE "FTD"."MEMBER" ADD UNIQUE ("MEMBER_ID")
  USING INDEX PCTFREE 10 INITRANS 2 MAXTRANS 255 
  STORAGE(INITIAL 65536 NEXT 1048576 MINEXTENTS 1 MAXEXTENTS 2147483645
  PCTINCREASE 0 FREELISTS 1 FREELIST GROUPS 1 BUFFER_POOL DEFAULT FLASH_CACHE DEFAULT CELL_FLASH_CACHE DEFAULT)
  TABLESPACE "SYSTEM"  ENABLE;
  ALTER TABLE "FTD"."MEMBER" MODIFY ("GENDER" NOT NULL ENABLE);
  ALTER TABLE "FTD"."MEMBER" MODIFY ("DETAIL_ADDRESS" NOT NULL ENABLE);
  ALTER TABLE "FTD"."MEMBER" MODIFY ("ADDRESS" NOT NULL ENABLE);
  ALTER TABLE "FTD"."MEMBER" MODIFY ("ZIP_CODE" NOT NULL ENABLE);
  ALTER TABLE "FTD"."MEMBER" MODIFY ("PHONE" NOT NULL ENABLE);
  ALTER TABLE "FTD"."MEMBER" MODIFY ("EMAIL" NOT NULL ENABLE);
  ALTER TABLE "FTD"."MEMBER" MODIFY ("MEMBER_NAME" NOT NULL ENABLE);
  ALTER TABLE "FTD"."MEMBER" MODIFY ("MEMBER_PWD" NOT NULL ENABLE);
  ALTER TABLE "FTD"."MEMBER" MODIFY ("MEMBER_ID" NOT NULL ENABLE);
  ALTER TABLE "FTD"."MEMBER" MODIFY ("MEMBER_NO" NOT NULL ENABLE);
--------------------------------------------------------
--  Constraints for Table NOTICE
--------------------------------------------------------

  ALTER TABLE "FTD"."NOTICE" ADD CONSTRAINT "PK_NOTICE" PRIMARY KEY ("NOTICE_NO")
  USING INDEX PCTFREE 10 INITRANS 2 MAXTRANS 255 COMPUTE STATISTICS 
  STORAGE(INITIAL 65536 NEXT 1048576 MINEXTENTS 1 MAXEXTENTS 2147483645
  PCTINCREASE 0 FREELISTS 1 FREELIST GROUPS 1 BUFFER_POOL DEFAULT FLASH_CACHE DEFAULT CELL_FLASH_CACHE DEFAULT)
  TABLESPACE "SYSTEM"  ENABLE;
  ALTER TABLE "FTD"."NOTICE" MODIFY ("CREATE_DATE" NOT NULL ENABLE);
  ALTER TABLE "FTD"."NOTICE" MODIFY ("COUNT" NOT NULL ENABLE);
  ALTER TABLE "FTD"."NOTICE" MODIFY ("NOTICE_CONTENT" NOT NULL ENABLE);
  ALTER TABLE "FTD"."NOTICE" MODIFY ("NOTICE_TITLE" NOT NULL ENABLE);
  ALTER TABLE "FTD"."NOTICE" MODIFY ("NOTICE_NO" NOT NULL ENABLE);
--------------------------------------------------------
--  Constraints for Table NOTICE_FILE
--------------------------------------------------------

  ALTER TABLE "FTD"."NOTICE_FILE" ADD CONSTRAINT "PK_NOTICE_FILE" PRIMARY KEY ("FILE_NO")
  USING INDEX PCTFREE 10 INITRANS 2 MAXTRANS 255 COMPUTE STATISTICS 
  STORAGE(INITIAL 65536 NEXT 1048576 MINEXTENTS 1 MAXEXTENTS 2147483645
  PCTINCREASE 0 FREELISTS 1 FREELIST GROUPS 1 BUFFER_POOL DEFAULT FLASH_CACHE DEFAULT CELL_FLASH_CACHE DEFAULT)
  TABLESPACE "SYSTEM"  ENABLE;
  ALTER TABLE "FTD"."NOTICE_FILE" MODIFY ("CREATE_DATE" NOT NULL ENABLE);
  ALTER TABLE "FTD"."NOTICE_FILE" MODIFY ("CHANGE_NAME" NOT NULL ENABLE);
  ALTER TABLE "FTD"."NOTICE_FILE" MODIFY ("ORIGIN_NAME" NOT NULL ENABLE);
  ALTER TABLE "FTD"."NOTICE_FILE" MODIFY ("NOTICE_NO" NOT NULL ENABLE);
  ALTER TABLE "FTD"."NOTICE_FILE" MODIFY ("FILE_NO" NOT NULL ENABLE);
--------------------------------------------------------
--  Constraints for Table ORDER
--------------------------------------------------------

  ALTER TABLE "FTD"."ORDER" ADD CONSTRAINT "PK_ORDER" PRIMARY KEY ("ORDER_NO")
  USING INDEX PCTFREE 10 INITRANS 2 MAXTRANS 255 COMPUTE STATISTICS 
  STORAGE(INITIAL 65536 NEXT 1048576 MINEXTENTS 1 MAXEXTENTS 2147483645
  PCTINCREASE 0 FREELISTS 1 FREELIST GROUPS 1 BUFFER_POOL DEFAULT FLASH_CACHE DEFAULT CELL_FLASH_CACHE DEFAULT)
  TABLESPACE "SYSTEM"  ENABLE;
  ALTER TABLE "FTD"."ORDER" MODIFY ("PAY_DATE" NOT NULL ENABLE);
  ALTER TABLE "FTD"."ORDER" MODIFY ("DETAIL_ADDRESS" NOT NULL ENABLE);
  ALTER TABLE "FTD"."ORDER" MODIFY ("ADDRESS" NOT NULL ENABLE);
  ALTER TABLE "FTD"."ORDER" MODIFY ("ZIP_CODE" NOT NULL ENABLE);
  ALTER TABLE "FTD"."ORDER" MODIFY ("PRICE" NOT NULL ENABLE);
  ALTER TABLE "FTD"."ORDER" MODIFY ("PHONE" NOT NULL ENABLE);
  ALTER TABLE "FTD"."ORDER" MODIFY ("ORDER_NAME" NOT NULL ENABLE);
  ALTER TABLE "FTD"."ORDER" MODIFY ("MEMBER_NO" NOT NULL ENABLE);
  ALTER TABLE "FTD"."ORDER" MODIFY ("ORDER_NO" NOT NULL ENABLE);
--------------------------------------------------------
--  Constraints for Table ORDER_GOODS
--------------------------------------------------------

  ALTER TABLE "FTD"."ORDER_GOODS" ADD CONSTRAINT "PK_ORDER_GOODS" PRIMARY KEY ("ORDER_DETAIL_NO")
  USING INDEX PCTFREE 10 INITRANS 2 MAXTRANS 255 COMPUTE STATISTICS 
  STORAGE(INITIAL 65536 NEXT 1048576 MINEXTENTS 1 MAXEXTENTS 2147483645
  PCTINCREASE 0 FREELISTS 1 FREELIST GROUPS 1 BUFFER_POOL DEFAULT FLASH_CACHE DEFAULT CELL_FLASH_CACHE DEFAULT)
  TABLESPACE "SYSTEM"  ENABLE;
  ALTER TABLE "FTD"."ORDER_GOODS" MODIFY ("STATUS" NOT NULL ENABLE);
  ALTER TABLE "FTD"."ORDER_GOODS" MODIFY ("PRICE" NOT NULL ENABLE);
  ALTER TABLE "FTD"."ORDER_GOODS" MODIFY ("COUNT" NOT NULL ENABLE);
  ALTER TABLE "FTD"."ORDER_GOODS" MODIFY ("GOOD_NO" NOT NULL ENABLE);
  ALTER TABLE "FTD"."ORDER_GOODS" MODIFY ("ORDER_NO" NOT NULL ENABLE);
  ALTER TABLE "FTD"."ORDER_GOODS" MODIFY ("ORDER_DETAIL_NO" NOT NULL ENABLE);
--------------------------------------------------------
--  Constraints for Table PROMOTION
--------------------------------------------------------

  ALTER TABLE "FTD"."PROMOTION" ADD CONSTRAINT "PK_PROMOTION" PRIMARY KEY ("PROMOTION_NO")
  USING INDEX PCTFREE 10 INITRANS 2 MAXTRANS 255 COMPUTE STATISTICS 
  STORAGE(INITIAL 65536 NEXT 1048576 MINEXTENTS 1 MAXEXTENTS 2147483645
  PCTINCREASE 0 FREELISTS 1 FREELIST GROUPS 1 BUFFER_POOL DEFAULT FLASH_CACHE DEFAULT CELL_FLASH_CACHE DEFAULT)
  TABLESPACE "SYSTEM"  ENABLE;
  ALTER TABLE "FTD"."PROMOTION" MODIFY ("CREATE_DATE" NOT NULL ENABLE);
  ALTER TABLE "FTD"."PROMOTION" MODIFY ("COUNT" NOT NULL ENABLE);
  ALTER TABLE "FTD"."PROMOTION" MODIFY ("PROMOTION_CONTENT" NOT NULL ENABLE);
  ALTER TABLE "FTD"."PROMOTION" MODIFY ("SELLER_NO" NOT NULL ENABLE);
  ALTER TABLE "FTD"."PROMOTION" MODIFY ("PROMOTION_NO" NOT NULL ENABLE);
--------------------------------------------------------
--  Constraints for Table PROMOTION_FILE
--------------------------------------------------------

  ALTER TABLE "FTD"."PROMOTION_FILE" ADD CONSTRAINT "PK_PROMOTION_FILE" PRIMARY KEY ("FILE_NO")
  USING INDEX PCTFREE 10 INITRANS 2 MAXTRANS 255 COMPUTE STATISTICS 
  STORAGE(INITIAL 65536 NEXT 1048576 MINEXTENTS 1 MAXEXTENTS 2147483645
  PCTINCREASE 0 FREELISTS 1 FREELIST GROUPS 1 BUFFER_POOL DEFAULT FLASH_CACHE DEFAULT CELL_FLASH_CACHE DEFAULT)
  TABLESPACE "SYSTEM"  ENABLE;
  ALTER TABLE "FTD"."PROMOTION_FILE" MODIFY ("CHANGE_NAME" NOT NULL ENABLE);
  ALTER TABLE "FTD"."PROMOTION_FILE" MODIFY ("ORIGINAL_NAME" NOT NULL ENABLE);
  ALTER TABLE "FTD"."PROMOTION_FILE" MODIFY ("PROMOTION_NO" NOT NULL ENABLE);
  ALTER TABLE "FTD"."PROMOTION_FILE" MODIFY ("FILE_NO" NOT NULL ENABLE);
--------------------------------------------------------
--  Constraints for Table PROMOTION_REPLY
--------------------------------------------------------

  ALTER TABLE "FTD"."PROMOTION_REPLY" ADD CONSTRAINT "PK_PROMOTION_REPLY" PRIMARY KEY ("REPLY_NO")
  USING INDEX PCTFREE 10 INITRANS 2 MAXTRANS 255 COMPUTE STATISTICS 
  STORAGE(INITIAL 65536 NEXT 1048576 MINEXTENTS 1 MAXEXTENTS 2147483645
  PCTINCREASE 0 FREELISTS 1 FREELIST GROUPS 1 BUFFER_POOL DEFAULT FLASH_CACHE DEFAULT CELL_FLASH_CACHE DEFAULT)
  TABLESPACE "SYSTEM"  ENABLE;
  ALTER TABLE "FTD"."PROMOTION_REPLY" MODIFY ("CREATE_DATE" NOT NULL ENABLE);
  ALTER TABLE "FTD"."PROMOTION_REPLY" MODIFY ("REPLY_CONTENT" NOT NULL ENABLE);
  ALTER TABLE "FTD"."PROMOTION_REPLY" MODIFY ("MEMBER_NO" NOT NULL ENABLE);
  ALTER TABLE "FTD"."PROMOTION_REPLY" MODIFY ("PROMOTION_NO" NOT NULL ENABLE);
  ALTER TABLE "FTD"."PROMOTION_REPLY" MODIFY ("REPLY_NO" NOT NULL ENABLE);
--------------------------------------------------------
--  Constraints for Table REVIEW
--------------------------------------------------------

  ALTER TABLE "FTD"."REVIEW" ADD CONSTRAINT "PK_REVIEW" PRIMARY KEY ("REV_NO")
  USING INDEX PCTFREE 10 INITRANS 2 MAXTRANS 255 COMPUTE STATISTICS 
  STORAGE(INITIAL 65536 NEXT 1048576 MINEXTENTS 1 MAXEXTENTS 2147483645
  PCTINCREASE 0 FREELISTS 1 FREELIST GROUPS 1 BUFFER_POOL DEFAULT FLASH_CACHE DEFAULT CELL_FLASH_CACHE DEFAULT)
  TABLESPACE "SYSTEM"  ENABLE;
  ALTER TABLE "FTD"."REVIEW" MODIFY ("CREATE_DATE" NOT NULL ENABLE);
  ALTER TABLE "FTD"."REVIEW" MODIFY ("STAR_RATING" NOT NULL ENABLE);
  ALTER TABLE "FTD"."REVIEW" MODIFY ("COUNT" NOT NULL ENABLE);
  ALTER TABLE "FTD"."REVIEW" MODIFY ("REV_CONTENT" NOT NULL ENABLE);
  ALTER TABLE "FTD"."REVIEW" MODIFY ("GOOD_NO" NOT NULL ENABLE);
  ALTER TABLE "FTD"."REVIEW" MODIFY ("MEMBER_NO" NOT NULL ENABLE);
  ALTER TABLE "FTD"."REVIEW" MODIFY ("REV_NO" NOT NULL ENABLE);
--------------------------------------------------------
--  Constraints for Table REVIEW_FILE
--------------------------------------------------------

  ALTER TABLE "FTD"."REVIEW_FILE" ADD CONSTRAINT "PK_REVIEW_FILE" PRIMARY KEY ("FILE_NO")
  USING INDEX PCTFREE 10 INITRANS 2 MAXTRANS 255 COMPUTE STATISTICS 
  STORAGE(INITIAL 65536 NEXT 1048576 MINEXTENTS 1 MAXEXTENTS 2147483645
  PCTINCREASE 0 FREELISTS 1 FREELIST GROUPS 1 BUFFER_POOL DEFAULT FLASH_CACHE DEFAULT CELL_FLASH_CACHE DEFAULT)
  TABLESPACE "SYSTEM"  ENABLE;
  ALTER TABLE "FTD"."REVIEW_FILE" MODIFY ("CHANGE_NAME" NOT NULL ENABLE);
  ALTER TABLE "FTD"."REVIEW_FILE" MODIFY ("ORIGIN_NAME" NOT NULL ENABLE);
  ALTER TABLE "FTD"."REVIEW_FILE" MODIFY ("REV_NO" NOT NULL ENABLE);
  ALTER TABLE "FTD"."REVIEW_FILE" MODIFY ("FILE_NO" NOT NULL ENABLE);
--------------------------------------------------------
--  Constraints for Table REVIEW_REPLY
--------------------------------------------------------

  ALTER TABLE "FTD"."REVIEW_REPLY" ADD CONSTRAINT "PK_REVIEW_REPLY" PRIMARY KEY ("REPLY_NO")
  USING INDEX PCTFREE 10 INITRANS 2 MAXTRANS 255 COMPUTE STATISTICS 
  STORAGE(INITIAL 65536 NEXT 1048576 MINEXTENTS 1 MAXEXTENTS 2147483645
  PCTINCREASE 0 FREELISTS 1 FREELIST GROUPS 1 BUFFER_POOL DEFAULT FLASH_CACHE DEFAULT CELL_FLASH_CACHE DEFAULT)
  TABLESPACE "SYSTEM"  ENABLE;
  ALTER TABLE "FTD"."REVIEW_REPLY" MODIFY ("CREATE_DATE" NOT NULL ENABLE);
  ALTER TABLE "FTD"."REVIEW_REPLY" MODIFY ("REPLY_CONTENT" NOT NULL ENABLE);
  ALTER TABLE "FTD"."REVIEW_REPLY" MODIFY ("MEMBER_NO" NOT NULL ENABLE);
  ALTER TABLE "FTD"."REVIEW_REPLY" MODIFY ("REV_NO" NOT NULL ENABLE);
  ALTER TABLE "FTD"."REVIEW_REPLY" MODIFY ("REPLY_NO" NOT NULL ENABLE);
--------------------------------------------------------
--  Constraints for Table SELLER
--------------------------------------------------------

  ALTER TABLE "FTD"."SELLER" ADD CONSTRAINT "PK_SELLER" PRIMARY KEY ("SELLER_NO")
  USING INDEX PCTFREE 10 INITRANS 2 MAXTRANS 255 COMPUTE STATISTICS 
  STORAGE(INITIAL 65536 NEXT 1048576 MINEXTENTS 1 MAXEXTENTS 2147483645
  PCTINCREASE 0 FREELISTS 1 FREELIST GROUPS 1 BUFFER_POOL DEFAULT FLASH_CACHE DEFAULT CELL_FLASH_CACHE DEFAULT)
  TABLESPACE "SYSTEM"  ENABLE;
  ALTER TABLE "FTD"."SELLER" MODIFY ("ENROLL_DATE" NOT NULL ENABLE);
  ALTER TABLE "FTD"."SELLER" MODIFY ("ACCOUNT_NO" NOT NULL ENABLE);
  ALTER TABLE "FTD"."SELLER" MODIFY ("PHONE" NOT NULL ENABLE);
  ALTER TABLE "FTD"."SELLER" MODIFY ("EMAIL" NOT NULL ENABLE);
  ALTER TABLE "FTD"."SELLER" MODIFY ("ADDRESS" NOT NULL ENABLE);
  ALTER TABLE "FTD"."SELLER" MODIFY ("BUSINESS_NO" NOT NULL ENABLE);
  ALTER TABLE "FTD"."SELLER" MODIFY ("COMPANY_NO" NOT NULL ENABLE);
  ALTER TABLE "FTD"."SELLER" MODIFY ("SELLER_NAME" NOT NULL ENABLE);
  ALTER TABLE "FTD"."SELLER" MODIFY ("SELLER_PWD" NOT NULL ENABLE);
  ALTER TABLE "FTD"."SELLER" MODIFY ("SELLER_ID" NOT NULL ENABLE);
  ALTER TABLE "FTD"."SELLER" MODIFY ("COMPANY_NAME" NOT NULL ENABLE);
  ALTER TABLE "FTD"."SELLER" MODIFY ("SELLER_NO" NOT NULL ENABLE);
--------------------------------------------------------
--  Constraints for Table SELLER_FILE
--------------------------------------------------------

  ALTER TABLE "FTD"."SELLER_FILE" ADD CONSTRAINT "PK_SELLER_FILE" PRIMARY KEY ("FILE_NO")
  USING INDEX PCTFREE 10 INITRANS 2 MAXTRANS 255 COMPUTE STATISTICS 
  STORAGE(INITIAL 65536 NEXT 1048576 MINEXTENTS 1 MAXEXTENTS 2147483645
  PCTINCREASE 0 FREELISTS 1 FREELIST GROUPS 1 BUFFER_POOL DEFAULT FLASH_CACHE DEFAULT CELL_FLASH_CACHE DEFAULT)
  TABLESPACE "SYSTEM"  ENABLE;
  ALTER TABLE "FTD"."SELLER_FILE" MODIFY ("CREATE_DATE" NOT NULL ENABLE);
  ALTER TABLE "FTD"."SELLER_FILE" MODIFY ("CHANGE_NAME" NOT NULL ENABLE);
  ALTER TABLE "FTD"."SELLER_FILE" MODIFY ("ORIGINAL_NAME" NOT NULL ENABLE);
  ALTER TABLE "FTD"."SELLER_FILE" MODIFY ("SELLER_NO" NOT NULL ENABLE);
  ALTER TABLE "FTD"."SELLER_FILE" MODIFY ("FILE_NO" NOT NULL ENABLE);
--------------------------------------------------------
--  Constraints for Table SELL_REPLY
--------------------------------------------------------

  ALTER TABLE "FTD"."SELL_REPLY" ADD CONSTRAINT "PK_SELL_REPLY" PRIMARY KEY ("REPLY_NO")
  USING INDEX PCTFREE 10 INITRANS 2 MAXTRANS 255 COMPUTE STATISTICS 
  STORAGE(INITIAL 65536 NEXT 1048576 MINEXTENTS 1 MAXEXTENTS 2147483645
  PCTINCREASE 0 FREELISTS 1 FREELIST GROUPS 1 BUFFER_POOL DEFAULT FLASH_CACHE DEFAULT CELL_FLASH_CACHE DEFAULT)
  TABLESPACE "SYSTEM"  ENABLE;
  ALTER TABLE "FTD"."SELL_REPLY" MODIFY ("CREATE_DATE" NOT NULL ENABLE);
  ALTER TABLE "FTD"."SELL_REPLY" MODIFY ("REPLY_CONTENT" NOT NULL ENABLE);
  ALTER TABLE "FTD"."SELL_REPLY" MODIFY ("SELL_NO" NOT NULL ENABLE);
  ALTER TABLE "FTD"."SELL_REPLY" MODIFY ("MEMBER_NO" NOT NULL ENABLE);
  ALTER TABLE "FTD"."SELL_REPLY" MODIFY ("REPLY_NO" NOT NULL ENABLE);
--------------------------------------------------------
--  Constraints for Table SUBSCRIBE
--------------------------------------------------------

  ALTER TABLE "FTD"."SUBSCRIBE" MODIFY ("SELLER_NO" NOT NULL ENABLE);
  ALTER TABLE "FTD"."SUBSCRIBE" MODIFY ("MEMBER_NO" NOT NULL ENABLE);
--------------------------------------------------------
--  Ref Constraints for Table CART
--------------------------------------------------------

  ALTER TABLE "FTD"."CART" ADD CONSTRAINT "FK_GOODS_TO_CART_1" FOREIGN KEY ("GOOD_NO")
	  REFERENCES "FTD"."GOODS" ("GOOD_NO") ENABLE;
  ALTER TABLE "FTD"."CART" ADD CONSTRAINT "FK_MEMBER_TO_CART_1" FOREIGN KEY ("MEMBER_NO")
	  REFERENCES "FTD"."MEMBER" ("MEMBER_NO") ENABLE;
--------------------------------------------------------
--  Ref Constraints for Table GOODS
--------------------------------------------------------

  ALTER TABLE "FTD"."GOODS" ADD CONSTRAINT "FK_SELLER_TO_GOODS_1" FOREIGN KEY ("SELLER_NO")
	  REFERENCES "FTD"."SELLER" ("SELLER_NO") ENABLE;
--------------------------------------------------------
--  Ref Constraints for Table GOODS_FILE
--------------------------------------------------------

  ALTER TABLE "FTD"."GOODS_FILE" ADD CONSTRAINT "FK_GOODS_SELL_TO_GOODS_FILE_1" FOREIGN KEY ("SELL_NO")
	  REFERENCES "FTD"."GOODS_SELL" ("SELL_NO") ENABLE;
--------------------------------------------------------
--  Ref Constraints for Table GOODS_SELL
--------------------------------------------------------

  ALTER TABLE "FTD"."GOODS_SELL" ADD CONSTRAINT "FK_GOODS_TO_GOODS_SELL_1" FOREIGN KEY ("GOOD_NO")
	  REFERENCES "FTD"."GOODS" ("GOOD_NO") ENABLE;
  ALTER TABLE "FTD"."GOODS_SELL" ADD CONSTRAINT "FK_SELLER_TO_GOODS_SELL_1" FOREIGN KEY ("SELLER_NO")
	  REFERENCES "FTD"."SELLER" ("SELLER_NO") ENABLE;
--------------------------------------------------------
--  Ref Constraints for Table INQUIRY
--------------------------------------------------------

  ALTER TABLE "FTD"."INQUIRY" ADD CONSTRAINT "FK_MEMBER_TO_INQUIRY_1" FOREIGN KEY ("MEMBER_NO")
	  REFERENCES "FTD"."MEMBER" ("MEMBER_NO") ENABLE;
  ALTER TABLE "FTD"."INQUIRY" ADD CONSTRAINT "FK_SELLER_TO_INQUIRY_1" FOREIGN KEY ("SELLER_NO")
	  REFERENCES "FTD"."SELLER" ("SELLER_NO") ENABLE;
--------------------------------------------------------
--  Ref Constraints for Table INQUIRY_FILE
--------------------------------------------------------

  ALTER TABLE "FTD"."INQUIRY_FILE" ADD CONSTRAINT "FK_INQUIRY_TO_INQUIRY_FILE_1" FOREIGN KEY ("INQ_NO")
	  REFERENCES "FTD"."INQUIRY" ("INQ_NO") ENABLE;
--------------------------------------------------------
--  Ref Constraints for Table INQUIRY_REPLY
--------------------------------------------------------

  ALTER TABLE "FTD"."INQUIRY_REPLY" ADD CONSTRAINT "FK_INQUIRY_TO_INQUIRY_REPLY_1" FOREIGN KEY ("INQ_NO")
	  REFERENCES "FTD"."INQUIRY" ("INQ_NO") ENABLE;
  ALTER TABLE "FTD"."INQUIRY_REPLY" ADD CONSTRAINT "FK_MEMBER_TO_INQUIRY_REPLY_1" FOREIGN KEY ("MEMBER_NO")
	  REFERENCES "FTD"."MEMBER" ("MEMBER_NO") ENABLE;
--------------------------------------------------------
--  Ref Constraints for Table LIKE
--------------------------------------------------------

  ALTER TABLE "FTD"."LIKE" ADD CONSTRAINT "FK_GOODS_TO_LIKE_1" FOREIGN KEY ("GOOD_NO")
	  REFERENCES "FTD"."GOODS" ("GOOD_NO") ENABLE;
  ALTER TABLE "FTD"."LIKE" ADD CONSTRAINT "FK_MEMBER_TO_LIKE_1" FOREIGN KEY ("MEMBER_NO")
	  REFERENCES "FTD"."MEMBER" ("MEMBER_NO") ENABLE;
--------------------------------------------------------
--  Ref Constraints for Table NOTICE_FILE
--------------------------------------------------------

  ALTER TABLE "FTD"."NOTICE_FILE" ADD CONSTRAINT "FK_NOTICE_TO_NOTICE_FILE_1" FOREIGN KEY ("NOTICE_NO")
	  REFERENCES "FTD"."NOTICE" ("NOTICE_NO") ENABLE;
--------------------------------------------------------
--  Ref Constraints for Table ORDER
--------------------------------------------------------

  ALTER TABLE "FTD"."ORDER" ADD CONSTRAINT "FK_MEMBER_TO_ORDER_1" FOREIGN KEY ("MEMBER_NO")
	  REFERENCES "FTD"."MEMBER" ("MEMBER_NO") ENABLE;
--------------------------------------------------------
--  Ref Constraints for Table ORDER_GOODS
--------------------------------------------------------

  ALTER TABLE "FTD"."ORDER_GOODS" ADD CONSTRAINT "FK_GOODS_TO_ORDER_GOODS_1" FOREIGN KEY ("GOOD_NO")
	  REFERENCES "FTD"."GOODS" ("GOOD_NO") ENABLE;
  ALTER TABLE "FTD"."ORDER_GOODS" ADD CONSTRAINT "FK_ORDER_TO_ORDER_GOODS_1" FOREIGN KEY ("ORDER_NO")
	  REFERENCES "FTD"."ORDER" ("ORDER_NO") ENABLE;
--------------------------------------------------------
--  Ref Constraints for Table PROMOTION
--------------------------------------------------------

  ALTER TABLE "FTD"."PROMOTION" ADD CONSTRAINT "FK_SELLER_TO_PROMOTION_1" FOREIGN KEY ("SELLER_NO")
	  REFERENCES "FTD"."SELLER" ("SELLER_NO") ENABLE;
--------------------------------------------------------
--  Ref Constraints for Table PROMOTION_FILE
--------------------------------------------------------

  ALTER TABLE "FTD"."PROMOTION_FILE" ADD CONSTRAINT "FK_PRO_TO_PROMOTION_FILE_1" FOREIGN KEY ("PROMOTION_NO")
	  REFERENCES "FTD"."PROMOTION" ("PROMOTION_NO") ENABLE;
--------------------------------------------------------
--  Ref Constraints for Table PROMOTION_REPLY
--------------------------------------------------------

  ALTER TABLE "FTD"."PROMOTION_REPLY" ADD CONSTRAINT "FK_MEMBER_TO_PROMOTION_REPLY_1" FOREIGN KEY ("MEMBER_NO")
	  REFERENCES "FTD"."MEMBER" ("MEMBER_NO") ENABLE;
  ALTER TABLE "FTD"."PROMOTION_REPLY" ADD CONSTRAINT "FK_PRO_TO_PROMOTION_REPLY_1" FOREIGN KEY ("PROMOTION_NO")
	  REFERENCES "FTD"."PROMOTION" ("PROMOTION_NO") ENABLE;
--------------------------------------------------------
--  Ref Constraints for Table REVIEW
--------------------------------------------------------

  ALTER TABLE "FTD"."REVIEW" ADD CONSTRAINT "FK_GOODS_TO_REVIEW_1" FOREIGN KEY ("GOOD_NO")
	  REFERENCES "FTD"."GOODS" ("GOOD_NO") ENABLE;
  ALTER TABLE "FTD"."REVIEW" ADD CONSTRAINT "FK_MEMBER_TO_REVIEW_1" FOREIGN KEY ("MEMBER_NO")
	  REFERENCES "FTD"."MEMBER" ("MEMBER_NO") ENABLE;
--------------------------------------------------------
--  Ref Constraints for Table REVIEW_FILE
--------------------------------------------------------

  ALTER TABLE "FTD"."REVIEW_FILE" ADD CONSTRAINT "FK_REVIEW_TO_REVIEW_FILE_1" FOREIGN KEY ("REV_NO")
	  REFERENCES "FTD"."REVIEW" ("REV_NO") ENABLE;
--------------------------------------------------------
--  Ref Constraints for Table REVIEW_REPLY
--------------------------------------------------------

  ALTER TABLE "FTD"."REVIEW_REPLY" ADD CONSTRAINT "FK_MEMBER_TO_REVIEW_REPLY_1" FOREIGN KEY ("MEMBER_NO")
	  REFERENCES "FTD"."MEMBER" ("MEMBER_NO") ENABLE;
  ALTER TABLE "FTD"."REVIEW_REPLY" ADD CONSTRAINT "FK_REVIEW_TO_REVIEW_REPLY_1" FOREIGN KEY ("REV_NO")
	  REFERENCES "FTD"."REVIEW" ("REV_NO") ENABLE;
--------------------------------------------------------
--  Ref Constraints for Table SELLER_FILE
--------------------------------------------------------

  ALTER TABLE "FTD"."SELLER_FILE" ADD CONSTRAINT "FK_SELLER_TO_SELLER_FILE_1" FOREIGN KEY ("SELLER_NO")
	  REFERENCES "FTD"."SELLER" ("SELLER_NO") ENABLE;
--------------------------------------------------------
--  Ref Constraints for Table SELL_REPLY
--------------------------------------------------------

  ALTER TABLE "FTD"."SELL_REPLY" ADD CONSTRAINT "FK_GOODS_SELL_TO_SELL_REPLY_1" FOREIGN KEY ("SELL_NO")
	  REFERENCES "FTD"."GOODS_SELL" ("SELL_NO") ENABLE;
  ALTER TABLE "FTD"."SELL_REPLY" ADD CONSTRAINT "FK_MEMBER_TO_SELL_REPLY_1" FOREIGN KEY ("MEMBER_NO")
	  REFERENCES "FTD"."MEMBER" ("MEMBER_NO") ENABLE;
--------------------------------------------------------
--  Ref Constraints for Table SUBSCRIBE
--------------------------------------------------------

  ALTER TABLE "FTD"."SUBSCRIBE" ADD CONSTRAINT "FK_MEMBER_TO_SUBSCRIBE_1" FOREIGN KEY ("MEMBER_NO")
	  REFERENCES "FTD"."MEMBER" ("MEMBER_NO") ENABLE;
  ALTER TABLE "FTD"."SUBSCRIBE" ADD CONSTRAINT "FK_SELLER_TO_SUBSCRIBE_1" FOREIGN KEY ("SELLER_NO")
	  REFERENCES "FTD"."SELLER" ("SELLER_NO") ENABLE;
